"AgencyCd","SiteNo","AgencyNm","SiteName","DecLatVa","DecLongVa","HorzDatum","HorzMethod","HorzAcy","AltVa","AltUnits","AltUnitsNm","AltDatumCd","AltMethod","AltAcy","WellDepth","WellDepthUnits","WellDepthUnitsNm","NatAquiferCd","NatAqfrDesc","CountryCd","CountryNm","StateCd","StateNm","CountyCd","CountyNm","LocalAquiferName","SiteType","AquiferType","QwSnFlag","QwSnDesc","QwBaselineFlag","QwBaselineDesc","WlSnFlag","WlSnDesc","WlBaselineFlag","WlBaselineDesc","WlWellChars","WlWellCharsDesc","WlWellType","WlWellTypeDesc","WlWellPurpose","WlWellPurposeDesc","Link"
"USGS","431703099502901","U.S. Geological Survey","98N76W28BAAA","43.2841679046589","-99.841783332598","NAD83","Interpolated from map","Accurate to +/- 10 seconds","2198","1","Feet","NGVD29","Reported","+/- 10 ft","84.6","1","Feet","N100HGHPLN","High Plains aquifer","US","United States of America","46","South Dakota","123","Tripp County","Ogallala Formation","WELL","UNCONFINED","0","No","0","No","1","Yes","1","Yes","1","Background","2","Trend","1","Dedicated Monitoring/Observation","https://waterdata.usgs.gov/monitoring-location/431703099502901"
"USGS","430706101391001","U.S. Geological Survey","36N37W11BBBB","43.1183332527031","-101.653203564749","NAD83","Global positioning system (GPS), Standard Positioning Service (SPS) or Precise Positioning Service (PPS) NOTE after October, 2014 only use for mapping grade GPS units and use new codes W,X,Y, or Z that indicate the quality of the GNSS survey.","Accurate to +/- 1 second","3159","1","Feet","NGVD29","Interpolated from topographic map","+/- 10 ft","320","1","Feet","N100HGHPLN","High Plains aquifer","US","United States of America","46","South Dakota","007","Bennett County","Arikaree Formation","WELL","UNCONFINED","0","No","0","No","1","Yes","1","Yes","1","Background","2","Trend","1","Dedicated Monitoring/Observation","https://waterdata.usgs.gov/monitoring-location/430706101391001"
"USGS","433020101394201","U.S. Geological Survey","41N37W24DDDD","43.5055548153215","-101.662091429346","NAD83","Global positioning system (GPS), Standard Positioning Service (SPS) or Precise Positioning Service (PPS) NOTE after October, 2014 only use for mapping grade GPS units and use new codes W,X,Y, or Z that indicate the quality of the GNSS survey.","Accurate to +/- 1 second","2855","1","Feet","NGVD29","Interpolated from topographic map","+/- 45 ft","305","1","Feet","N100HGHPLN","High Plains aquifer","US","United States of America","46","South Dakota","071","Jackson County","Arikaree Formation","WELL","UNCONFINED","0","No","0","No","1","Yes","1","Yes","1","Background","2","Trend","1","Dedicated Monitoring/Observation","https://waterdata.usgs.gov/monitoring-location/433020101394201"
"USGS","432038101223501","U.S. Geological Survey","39N34W19AAAA (2)","43.3455544416474","-101.376537574834","NAD83","Global positioning system (GPS), Standard Positioning Service (SPS) or Precise Positioning Service (PPS) NOTE after October, 2014 only use for mapping grade GPS units and use new codes W,X,Y, or Z that indicate the quality of the GNSS survey.","Accurate to +/- 1 second","2820","1","Feet","NGVD29","Altimeter","+/- 25 ft","465","1","Feet","N100HGHPLN","High Plains aquifer","US","United States of America","46","South Dakota","007","Bennett County","Arikaree Formation","WELL","CONFINED","0","No","0","No","1","Yes","1","Yes","1","Background","2","Trend","1","Dedicated Monitoring/Observation","https://waterdata.usgs.gov/monitoring-location/432038101223501"
"USGS","431531101282701","U.S. Geological Survey","38N35W16CCCC","43.2586082329471","-101.474594840887","NAD83","Interpolated from map","Accurate to +/- 10 seconds","2940","1","Feet","NGVD29","Interpolated from topographic map","+/- 8 ft","264.2","1","Feet","N100HGHPLN","High Plains aquifer","US","United States of America","46","South Dakota","007","Bennett County","Ogallala Formation","WELL","CONFINED","0","No","0","No","1","Yes","1","Yes","1","Background","2","Trend","1","Dedicated Monitoring/Observation","https://waterdata.usgs.gov/monitoring-location/431531101282701"
"USGS","431434099462401","U.S. Geological Survey","97N76W 1DDDD","43.2427792297082","-99.7737259620577","NAD83","Interpolated from map","Accurate to +/- 10 seconds","2341","1","Feet","NGVD29","Reported","+/- 10 ft","45","1","Feet","N100HGHPLN","High Plains aquifer","US","United States of America","46","South Dakota","123","Tripp County","Ogallala Formation","WELL","UNCONFINED","0","No","0","No","1","Yes","1","Yes","1","Background","2","Trend","1","Dedicated Monitoring/Observation","https://waterdata.usgs.gov/monitoring-location/431434099462401"
"USGS","431430100195901","U.S. Geological Survey","38N25W30BCBB","43.2411166294566","-100.332351114945","NAD83","Interpolated from map","Accurate to +/- 1 second","2483","1","Feet","NGVD29","Interpolated from topographic map","+/- 5 ft","145","1","Feet","N100HGHPLN","High Plains aquifer","US","United States of America","46","South Dakota","121","Todd County","Arikaree Formation","WELL","UNCONFINED","0","No","0","No","1","Yes","1","Yes","1","Background","2","Trend","1","Dedicated Monitoring/Observation","https://waterdata.usgs.gov/monitoring-location/431430100195901"
"USGS","431334099520701","U.S. Geological Survey","97N76W17BBBB 1","43.2261133247602","-99.8690058569466","NAD83","Interpolated from map","Accurate to +/- 10 seconds","2398","1","Feet","NGVD29","Reported","+/- 10 ft","165","1","Feet","N100HGHPLN","High Plains aquifer","US","United States of America","46","South Dakota","123","Tripp County","Ogallala Formation","WELL","UNCONFINED","0","No","0","No","1","Yes","1","Yes","1","Background","2","Trend","1","Dedicated Monitoring/Observation","https://waterdata.usgs.gov/monitoring-location/431334099520701"
"USGS","431109100445901","U.S. Geological Survey","37N29W16AAAA","43.1866666666667","-100.749722222222","NAD83","Global positioning system (GPS), Standard Positioning Service (SPS) or Precise Positioning Service (PPS) NOTE after October, 2014 only use for mapping grade GPS units and use new codes W,X,Y, or Z that indicate the quality of the GNSS survey.","Accurate to +/- 3 seconds (Standard Positioning Service (SPS GPS))","2852","1","Feet","NGVD29","Interpolated from topographic map","+/- 5 ft","183.8","1","Feet","N100HGHPLN","High Plains aquifer","US","United States of America","46","South Dakota","121","Todd County","Ogallala Formation","WELL","UNCONFINED","0","No","0","No","1","Yes","1","Yes","1","Background","2","Trend","1","Dedicated Monitoring/Observation","https://waterdata.usgs.gov/monitoring-location/431109100445901"
"USGS","431022101555001","U.S. Geological Survey","37N39W16DDDD","43.1727735057149","-101.931261908754","NAD83","Global positioning system (GPS), Standard Positioning Service (SPS) or Precise Positioning Service (PPS) NOTE after October, 2014 only use for mapping grade GPS units and use new codes W,X,Y, or Z that indicate the quality of the GNSS survey.","Accurate to +/- 1 second","3327","1","Feet","NGVD29","Interpolated from topographic map","+/- 8 ft","565","1","Feet","N100HGHPLN","High Plains aquifer","US","United States of America","46","South Dakota","007","Bennett County","Arikaree Formation","WELL","UNCONFINED","0","No","0","No","1","Yes","1","Yes","1","Background","2","Trend","1","Dedicated Monitoring/Observation","https://waterdata.usgs.gov/monitoring-location/431022101555001"
"USGS","431018101212001","U.S. Geological Survey","37N34W17DDDD","43.1716678288341","-101.353761133777","NAD83","Interpolated from map","Accurate to +/- 10 seconds","2956","1","Feet","NGVD29","Interpolated from topographic map","+/- 8 ft","43.7","1","Feet","N100HGHPLN","High Plains aquifer","US","United States of America","46","South Dakota","007","Bennett County","Arikaree Formation","WELL","UNCONFINED","0","No","0","No","1","Yes","1","Yes","1","Background","2","Trend","1","Dedicated Monitoring/Observation","https://waterdata.usgs.gov/monitoring-location/431018101212001"
"USGS","431018101152001","U.S. Geological Survey","37N33W17CCCC","43.1716691407186","-101.255983692697","NAD83","Interpolated from map","Accurate to +/- 10 seconds","2998","1","Feet","NGVD29","Interpolated from topographic map","+/- 15 ft","181.2","1","Feet","N100HGHPLN","High Plains aquifer","US","United States of America","46","South Dakota","007","Bennett County","Ogallala Formation","WELL","UNCONFINED","0","No","0","No","1","Yes","1","Yes","1","Background","2","Trend","1","Dedicated Monitoring/Observation","https://waterdata.usgs.gov/monitoring-location/431018101152001"
"USGS","431010101211801","U.S. Geological Survey","37N34W20AAAA","43.1713900223077","-101.356538901274","NAD83","Global positioning system (GPS), Standard Positioning Service (SPS) or Precise Positioning Service (PPS) NOTE after October, 2014 only use for mapping grade GPS units and use new codes W,X,Y, or Z that indicate the quality of the GNSS survey.","Accurate to +/- 1 second","2959","1","Feet","NGVD29","Interpolated from topographic map","+/- 10 ft","140","1","Feet","N100HGHPLN","High Plains aquifer","US","United States of America","46","South Dakota","007","Bennett County","Arikaree Formation","WELL","UNCONFINED","0","No","0","No","1","Yes","1","Yes","1","Background","2","Trend","1","Dedicated Monitoring/Observation","https://waterdata.usgs.gov/monitoring-location/431010101211801"
"USGS","430925101272001","U.S. Geological Survey","37N35W28AAAA","43.1572224786262","-101.455149524821","NAD83","Global positioning system (GPS), Standard Positioning Service (SPS) or Precise Positioning Service (PPS) NOTE after October, 2014 only use for mapping grade GPS units and use new codes W,X,Y, or Z that indicate the quality of the GNSS survey.","Accurate to +/- 1 second","2989","1","Feet","NGVD29","Interpolated from topographic map","+/- 15 ft","102.2","1","Feet","N100HGHPLN","High Plains aquifer","US","United States of America","46","South Dakota","007","Bennett County","Arikaree Formation","WELL","UNCONFINED","0","No","0","No","1","Yes","1","Yes","1","Background","2","Trend","1","Dedicated Monitoring/Observation","https://waterdata.usgs.gov/monitoring-location/430925101272001"
"USGS","430924100460601","U.S. Geological Survey","37N29W29AAAA","43.1575","-100.769166666667","NAD83","Global positioning system (GPS), Standard Positioning Service (SPS) or Precise Positioning Service (PPS) NOTE after October, 2014 only use for mapping grade GPS units and use new codes W,X,Y, or Z that indicate the quality of the GNSS survey.","Accurate to +/- 3 seconds (Standard Positioning Service (SPS GPS))","2868","1","Feet","NGVD29","Interpolated from topographic map","+/- 10 ft","204.3","1","Feet","N100HGHPLN","High Plains aquifer","US","United States of America","46","South Dakota","121","Todd County","Ogallala Formation","WELL","UNCONFINED","0","No","0","No","1","Yes","1","Yes","1","Background","2","Trend","1","Dedicated Monitoring/Observation","https://waterdata.usgs.gov/monitoring-location/430924100460601"
"USGS","430840100445601","U.S. Geological Survey","37N29W28DDDD","43.1436111111111","-100.748888888889","NAD83","Global positioning system (GPS), Standard Positioning Service (SPS) or Precise Positioning Service (PPS) NOTE after October, 2014 only use for mapping grade GPS units and use new codes W,X,Y, or Z that indicate the quality of the GNSS survey.","Accurate to +/- 3 seconds (Standard Positioning Service (SPS GPS))","2858","1","Feet","NGVD29","Interpolated from topographic map","+/- 5 ft","194.7","1","Feet","N100HGHPLN","High Plains aquifer","US","United States of America","46","South Dakota","121","Todd County","Ogallala Formation","WELL","UNCONFINED","0","No","0","No","1","Yes","1","Yes","1","Background","2","Trend","1","Dedicated Monitoring/Observation","https://waterdata.usgs.gov/monitoring-location/430840100445601"
"USGS","430837101211901","U.S. Geological Survey","37N34W29DDDD","43.1430575690837","-101.35570549962","NAD83","Global positioning system (GPS), Standard Positioning Service (SPS) or Precise Positioning Service (PPS) NOTE after October, 2014 only use for mapping grade GPS units and use new codes W,X,Y, or Z that indicate the quality of the GNSS survey.","Accurate to +/- 1 second","2985","1","Feet","NGVD29","Interpolated from topographic map","+/- 15 ft","80","1","Feet","N100HGHPLN","High Plains aquifer","US","United States of America","46","South Dakota","007","Bennett County","Ogallala Formation","WELL","UNCONFINED","0","No","0","No","1","Yes","1","Yes","1","Background","2","Trend","1","Dedicated Monitoring/Observation","https://waterdata.usgs.gov/monitoring-location/430837101211901"
"USGS","430835101295001","U.S. Geological Survey","37N35W31AAAA (2)","43.1427779687189","-101.49459359555","NAD83","Global positioning system (GPS), Standard Positioning Service (SPS) or Precise Positioning Service (PPS) NOTE after October, 2014 only use for mapping grade GPS units and use new codes W,X,Y, or Z that indicate the quality of the GNSS survey.","Accurate to +/- 1 second","2998","1","Feet","NGVD29","Interpolated from topographic map","+/- 15 ft","301.6","1","Feet","N100HGHPLN","High Plains aquifer","US","United States of America","46","South Dakota","007","Bennett County","Arikaree Formation","WELL","UNCONFINED","0","No","0","No","1","Yes","1","Yes","1","Background","2","Trend","1","Dedicated Monitoring/Observation","https://waterdata.usgs.gov/monitoring-location/430835101295001"
"USGS","430832101364701","U.S. Geological Survey","37N36W31AAA","43.1427773167543","-101.613759699047","NAD83","Global positioning system (GPS), Standard Positioning Service (SPS) or Precise Positioning Service (PPS) NOTE after October, 2014 only use for mapping grade GPS units and use new codes W,X,Y, or Z that indicate the quality of the GNSS survey.","Accurate to +/- 1 second","3189","1","Feet","NGVD29","Interpolated from topographic map","+/- 15 ft","425","1","Feet","N100HGHPLN","High Plains aquifer","US","United States of America","46","South Dakota","007","Bennett County","Arikaree Formation","WELL","UNCONFINED","0","No","0","No","1","Yes","1","Yes","1","Background","2","Trend","1","Dedicated Monitoring/Observation","https://waterdata.usgs.gov/monitoring-location/430832101364701"
"USGS","430757101223801","U.S. Geological Survey","36N35W 1AAAA","43.1275022039777","-101.377649753556","NAD83","Global positioning system (GPS), Standard Positioning Service (SPS) or Precise Positioning Service (PPS) NOTE after October, 2014 only use for mapping grade GPS units and use new codes W,X,Y, or Z that indicate the quality of the GNSS survey.","Accurate to +/- 1 second","3038","1","Feet","NGVD29","Interpolated from topographic map","+/- 10 ft","165","1","Feet","N100HGHPLN","High Plains aquifer","US","United States of America","46","South Dakota","007","Bennett County","Arikaree Formation","WELL","UNCONFINED","0","No","0","No","1","Yes","1","Yes","1","Background","2","Trend","1","Dedicated Monitoring/Observation","https://waterdata.usgs.gov/monitoring-location/430757101223801"
"USGS","430715101444701","U.S. Geological Survey","36N38W 1DCDD (2)","43.1188883108771","-101.729592078059","NAD83","Global positioning system (GPS), Standard Positioning Service (SPS) or Precise Positioning Service (PPS) NOTE after October, 2014 only use for mapping grade GPS units and use new codes W,X,Y, or Z that indicate the quality of the GNSS survey.","Accurate to +/- 1 second","3199","1","Feet","NGVD29","Interpolated from topographic map","+/- 15 ft","345","1","Feet","N100HGHPLN","High Plains aquifer","US","United States of America","46","South Dakota","007","Bennett County","Arikaree Formation","WELL","UNCONFINED","0","No","0","No","1","Yes","1","Yes","1","Background","2","Trend","1","Dedicated Monitoring/Observation","https://waterdata.usgs.gov/monitoring-location/430715101444701"
"USGS","430642101455801","U.S. Geological Survey","36N38W10ADDD","43.1116658646204","-101.766536489124","NAD83","Global positioning system (GPS), Standard Positioning Service (SPS) or Precise Positioning Service (PPS) NOTE after October, 2014 only use for mapping grade GPS units and use new codes W,X,Y, or Z that indicate the quality of the GNSS survey.","Accurate to +/- 5 seconds","3199","1","Feet","NGVD29","Interpolated from topographic map","+/- 8 ft","442.5","1","Feet","N100HGHPLN","High Plains aquifer","US","United States of America","46","South Dakota","007","Bennett County","Arikaree Formation","WELL","","0","No","0","No","1","Yes","1","Yes","3","Known Changes","1","Surveillance","1","Dedicated Monitoring/Observation","https://waterdata.usgs.gov/monitoring-location/430642101455801"
"USGS","430620101234501","U.S. Geological Survey","36N35W12CCCC","43.1038915708997","-101.39709392802","NAD83","Global positioning system (GPS), Standard Positioning Service (SPS) or Precise Positioning Service (PPS) NOTE after October, 2014 only use for mapping grade GPS units and use new codes W,X,Y, or Z that indicate the quality of the GNSS survey.","Accurate to +/- 1 second","3060","1","Feet","NGVD29","Interpolated from topographic map","+/- 10 ft","145","1","Feet","N100HGHPLN","High Plains aquifer","US","United States of America","46","South Dakota","007","Bennett County","Arikaree Formation","WELL","UNCONFINED","0","No","0","No","1","Yes","1","Yes","1","Background","2","Trend","1","Dedicated Monitoring/Observation","https://waterdata.usgs.gov/monitoring-location/430620101234501"
"USGS","430405098563401","U.S. Geological Survey","95N69W 1DDDD","43.0680528105205","-98.9431460366289","NAD83","Interpolated from map","Accurate to +/- 10 seconds","1930","1","Feet","NGVD29","Reported","+/- 10 ft","64.3","1","Feet","N100HGHPLN","High Plains aquifer","US","United States of America","46","South Dakota","053","Gregory County","Ogallala Formation","WELL","UNCONFINED","0","No","0","No","1","Yes","1","Yes","1","Background","2","Trend","1","Dedicated Monitoring/Observation","https://waterdata.usgs.gov/monitoring-location/430405098563401"
"USGS","430310100245501","U.S. Geological Survey","36N26W31ADDD","43.0533399950307","-100.41568606929","NAD83","Interpolated from map","Accurate to +/- 5 seconds","2620","1","Feet","NGVD29","Interpolated from topographic map","+/- 5 ft","125","1","Feet","N100HGHPLN","High Plains aquifer","US","United States of America","46","South Dakota","121","Todd County","Ogallala Formation","WELL","CONFINED","0","No","0","No","1","Yes","1","Yes","1","Background","2","Trend","1","Dedicated Monitoring/Observation","https://waterdata.usgs.gov/monitoring-location/430310100245501"
"USGS","430253101420701","U.S. Geological Survey","36N37W32DBCB","43.0508343670297","-101.702368844848","NAD83","Global positioning system (GPS), Standard Positioning Service (SPS) or Precise Positioning Service (PPS) NOTE after October, 2014 only use for mapping grade GPS units and use new codes W,X,Y, or Z that indicate the quality of the GNSS survey.","Accurate to +/- 1 second","3264","1","Feet","NGVD29","Interpolated from topographic map","+/- 20 ft","200","1","Feet","N100HGHPLN","High Plains aquifer","US","United States of America","46","South Dakota","007","Bennett County","Arikaree Formation","WELL","UNCONFINED","0","No","0","No","1","Yes","1","Yes","1","Background","2","Trend","1","Dedicated Monitoring/Observation","https://waterdata.usgs.gov/monitoring-location/430253101420701"
"USGS","430200102130001","U.S. Geological Survey","35N42W 1CDCB","43.033047818711","-102.213762937712","NAD83","Global positioning system (GPS), Standard PositioningService (SPS) or Precise Positioning Service (PPS) NOTE after October, 2014 only use for mapping grade GPS units and use new codes W,X,Y, or Z that indicate the quality of the GNSS survey.","Accurate to +/- 1 second","3491","1","Feet","NGVD29","Interpolated from topographic map","+/- 15 ft","280","1","Feet","N100HGHPLN","High Plains aquifer","US","United States of America","46","South Dakota","102","Oglala Lakota County","Arikaree Formation","WELL","UNCONFINED","0","No","0","No","1","Yes","1","Yes","1","Background","2","Trend","1","Dedicated Monitoring/Observation","https://waterdata.usgs.gov/monitoring-location/430200102130001"
"USGS","430159100531001","U.S. Geological Survey","35N30W 6DDDD","43.0313888888889","-100.886388888889","NAD83","Global positioning system (GPS), Standard Positioning Service (SPS) or Precise Positioning Service (PPS) NOTE after October, 2014 only use for mapping grade GPS units and use new codes W,X,Y, or Z that indicate the quality of the GNSS survey.","Accurate to +/- 3 seconds (Standard Positioning Service (SPS GPS))","2853","1","Feet","NGVD29","Interpolated from topographic map","+/- 10 ft","84.5","1","Feet","N100HGHPLN","High Plains aquifer","US","United States of America","46","South Dakota","121","Todd County","Ogallala Formation","WELL","UNCONFINED","0","No","0","No","1","Yes","1","Yes","1","Background","2","Trend","1","Dedicated Monitoring/Observation","https://waterdata.usgs.gov/monitoring-location/430159100531001"
"USGS","430154100411801","U.S. Geological Survey","35N29W 2DDDD(RST GW WELL M-10 NR OLSONVILLE, SD)","43.0322287782248","-100.688750032717","NAD83","Interpolated from map","Accurate to +/- 5 seconds","2800","1","Feet","NGVD29","Interpolated from topographic map","+/- 10 ft","44.4","1","Feet","N100HGHPLN","High Plains aquifer","US","United States of America","46","South Dakota","121","Todd County","Ogallala Formation","WELL","","0","No","0","No","1","Yes","1","Yes","1","Background","2","Trend","1","Dedicated Monitoring/Observation","https://waterdata.usgs.gov/monitoring-location/430154100411801"
"USGS","430027102311806","U.S. Geological Survey","35N44W17DBCA6 (OST Deep South)","43.0074859023299","-102.522105610548","NAD83","Interpolated from map","Accurate to +/- 10 seconds","3296.41","1","Feet","NGVD29","Level or other surveying method","+/- .5 ft","835","1","Feet","N100HGHPLN","High Plains aquifer","US","United States of America","46","South Dakota","102","Oglala Lakota County","Arikaree Formation","WELL","","0","No","0","No","1","Yes","1","Yes","3","Known Changes","1","Surveillance","1","Dedicated Monitoring/Observation","https://waterdata.usgs.gov/monitoring-location/430027102311806"
"USGS","430010099580601","U.S. Geological Survey","95N77W32CAAD","43.0027833984338","-99.9687296048859","NAD83","Interpolated from map","Accurate to +/- 10 seconds","2380","1","Feet","NGVD29","Interpolated from digital elevation model (DEM)","+/- 10 ft","76","1","Feet","N100HGHPLN","High Plains aquifer","US","United States of America","46","South Dakota","123","Tripp County","Ogallala Formation","WELL","UNCONFINED","0","No","0","No","1","Yes","1","Yes","1","Background","2","Trend","1","Dedicated Monitoring/Observation","https://waterdata.usgs.gov/monitoring-location/430010099580601"
"USGS","430027102311801","U.S. Geological Survey","35N44W17DBCA (OST Shallow North)","43.0074859023299","-102.522105610548","NAD83","Interpolated from map","Accurate to +/- 10 seconds","3296.45","1","Feet","NGVD29","Level or other surveying method","+/- 1 ft","180","1","Feet","N100HGHPLN","High Plains aquifer","US","United States of America","46","South Dakota","102","Oglala Lakota County","Arikaree Formation","WELL","UNCONFINED","0","No","0","No","1","Yes","1","Yes","1","Background","2","Trend","1","Dedicated Monitoring/Observation","https://waterdata.usgs.gov/monitoring-location/430027102311801"
"USGS","430949101292701","U.S. Geological Survey","37N35W20CBBA","43.1636106842986","-101.491260554595","NAD83","Interpolated from map","Accurate to +/- 1 second","2995","1","Feet","NGVD29","Interpolated from topographic map","+/- 10 ft","128","1","Feet","N100HGHPLN","High Plains aquifer","US","United States of America","46","South Dakota","007","Bennett County","Ogallala Formation","WELL","UNCONFINED","0","No","0","No","1","Yes","1","Yes","1","Background","2","Trend","1","Dedicated Monitoring/Observation","https://waterdata.usgs.gov/monitoring-location/430949101292701"
"USGS","431020100243501","U.S. Geological Survey","37N26W16CCBB","43.172228114299","-100.410130928239","NAD83","Interpolated from map","Accurate to +/- 5 seconds","2530","1","Feet","NGVD29","Interpolated from topographic map","+/- 5 ft","137","1","Feet","N100HGHPLN","High Plains aquifer","US","United States of America","46","South Dakota","121","Todd County","Arikaree Formation","WELL","CONFINED","0","No","0","No","1","Yes","1","Yes","1","Background","2","Trend","1","Dedicated Monitoring/Observation","https://waterdata.usgs.gov/monitoring-location/431020100243501"
"USGS","430959100444001","U.S. Geological Survey","37N29W22CCCC","43.1580608715066","-100.748474786214","NAD83","Interpolated from map","Accurate to +/- 5 seconds","2882","1","Feet","NGVD29","Interpolated from topographic map","+/- 5 ft","265","1","Feet","N100HGHPLN","High Plains aquifer","US","United States of America","46","South Dakota","121","Todd County","Arikaree Formation","WELL","UNCONFINED","0","No","0","No","1","Yes","1","Yes","1","Background","2","Trend","1","Dedicated Monitoring/Observation","https://waterdata.usgs.gov/monitoring-location/430959100444001"
"USGS","430314100372001","U.S. Geological Survey","36N28W33BDDB (RST GW WELL R-19 NR OLSONVILLE, SD)","43.0538888888889","-100.622222222222","NAD83","Global positioning system (GPS), Standard Positioning Service (SPS) or Precise Positioning Service (PPS) NOTE after October, 2014 only use for mapping grade GPS units and use new codes W,X,Y, or Z that indicate the quality of the GNSS survey.","Accurate to +/- 3 seconds (Standard Positioning Service (SPS GPS))","2772","1","Feet","NGVD29","Interpolated from topographic map","+/- 1 ft","140","1","Feet","N100HGHPLN","High Plains aquifer","US","United States of America","46","South Dakota","121","Todd County","Ogallala Formation","WELL","UNCONFINED","0","No","0","No","1","Yes","1","Yes","1","Background","2","Trend","1","Dedicated Monitoring/Observation","https://waterdata.usgs.gov/monitoring-location/430314100372001"
"USGS","430638099520801","U.S. Geological Survey","96N76W29BBBB","43.1105591353196","-99.8692835908443","NAD83","Interpolated from map","Accurate to +/- 10 seconds","2246","1","Feet","NGVD29","Reported","+/- 25 ft","45.7","1","Feet","N100HGHPLN","High Plains aquifer","US","United States of America","46","South Dakota","123","Tripp County","Ogallala Formation","WELL","UNCONFINED","0","No","0","No","1","Yes","1","Yes","1","Background","2","Trend","1","Dedicated Monitoring/Observation","https://waterdata.usgs.gov/monitoring-location/430638099520801"
"USGS","430148100471001","U.S. Geological Survey","35N29W 7BBBB","43.0308397302752","-100.786809319669","NAD83","Interpolated from map","Accurate to +/- 5 seconds","2903","1","Feet","NGVD29","Interpolated from topographic map","+/- 5 ft","83.1","1","Feet","N100HGHPLN","High Plains aquifer","US","United States of America","46","South Dakota","121","Todd County","Ogallala Formation","WELL","","0","No","0","No","1","Yes","1","Yes","3","Known Changes","1","Surveillance","1","Dedicated Monitoring/Observation","https://waterdata.usgs.gov/monitoring-location/430148100471001"
"USGS","431714099510501","U.S. Geological Survey","98N76W29DDAA","43.2872234526635","-99.8517836109758","NAD83","Interpolated from map","Accurate to +/- 10 seconds","2231","1","Feet","NGVD29","Reported","+/- 10 ft","57","1","Feet","N100HGHPLN","High Plains aquifer","US","United States of America","46","South Dakota","123","Tripp County","Ogallala Formation","WELL","UNCONFINED","0","No","0","No","1","Yes","1","Yes","1","Background","2","Trend","1","Dedicated Monitoring/Observation","https://waterdata.usgs.gov/monitoring-location/431714099510501"
"USGS","431156099521701","U.S. Geological Survey","97N76W19DDDD (2)","43.1988914412939","-99.8717836820067","NAD83","Interpolated from map","Accurate to +/- 10 seconds","2390","1","Feet","NGVD29","Reported","+/- 10 ft","168","1","Feet","N100HGHPLN","High Plains aquifer","US","United States of America","46","South Dakota","123","Tripp County","Ogallala Formation","WELL","UNCONFINED","0","No","0","No","1","Yes","1","Yes","1","Background","2","Trend","1","Dedicated Monitoring/Observation","https://waterdata.usgs.gov/monitoring-location/431156099521701"
"USGS","431330099484501","U.S. Geological Survey","97N76W15AABA","43.2250018865833","-99.8128935194918","NAD83","Interpolated from map","Accurate to +/- 5 seconds","2332","1","Feet","NGVD29","Altimeter","+/- 10 ft","81.2","1","Feet","N100HGHPLN","High Plains aquifer","US","United States of America","46","South Dakota","123","Tripp County","Ogallala Formation","WELL","UNCONFINED","0","No","0","No","1","Yes","1","Yes","1","Background","2","Trend","1","Dedicated Monitoring/Observation","https://waterdata.usgs.gov/monitoring-location/431330099484501"
"USGS","431136101200901","U.S. Geological Survey","37N34W 9AAAA","43.1933340692206","-101.336261215521","NAD83","Interpolated from map","Accurate to +/- 10 seconds","2978","1","Feet","NGVD29","Interpolated from topographic map","+/- 8 ft","93.6","1","Feet","N100HGHPLN","High Plains aquifer","US","United States of America","46","South Dakota","007","Bennett County","Ogallala Formation","WELL","","0","No","0","No","1","Yes","1","Yes","3","Known Changes","1","Surveillance","1","Dedicated Monitoring/Observation","https://waterdata.usgs.gov/monitoring-location/431136101200901"
"USGS","430840101213602","U.S. Geological Survey","37N34W28CCCC2","43.1427798034871","-101.355427722729","NAD83","Interpolated from map","Accurate to +/- 5 seconds","2990","1","Feet","NGVD29","Interpolated from topographic map","+/- 20 ft","125","1","Feet","N100HGHPLN","High Plains aquifer","US","United States of America","46","South Dakota","007","Bennett County","Ogallala Formation","WELL","UNCONFINED","0","No","0","No","1","Yes","1","Yes","1","Background","2","Trend","1","Dedicated Monitoring/Observation","https://waterdata.usgs.gov/monitoring-location/430840101213602"
"USGS","430701100363001","U.S. Geological Survey","36N28W10BBBB","43.1180555555556","-100.61","NAD83","Global positioning system (GPS), Standard Positioning Service (SPS) or Precise Positioning Service (PPS) NOTE after October, 2014 only use for mapping grade GPS units and use new codes W,X,Y, or Z that indicate the quality of the GNSS survey.","Accurate to +/- 3 seconds (Standard Positioning Service (SPS GPS))","2823","1","Feet","NGVD29","Interpolated from topographic map","+/- 10 ft","182.5","1","Feet","N100HGHPLN","High Plains aquifer","US","United States of America","46","South Dakota","121","Todd County","Ogallala Formation","WELL","UNCONFINED","0","No","0","No","1","Yes","1","Yes","1","Background","2","Trend","1","Dedicated Monitoring/Observation","https://waterdata.usgs.gov/monitoring-location/430701100363001"
"USGS","430610100481701","U.S. Geological Survey","36N30W13BBBB","43.1036111111111","-100.806388888889","NAD83","Global positioning system (GPS), Standard Positioning Service (SPS) or Precise Positioning Service (PPS) NOTE after October, 2014 only use for mapping grade GPS units and use new codes W,X,Y, or Z that indicate the quality of the GNSS survey.","Accurate to +/- 3 seconds (Standard Positioning Service (SPS GPS))","2916","1","Feet","NGVD29","Interpolated from topographic map","+/- 5 ft","225.2","1","Feet","N100HGHPLN","High Plains aquifer","US","United States of America","46","South Dakota","121","Todd County","Ogallala Formation","WELL","CONFINED","0","No","0","No","1","Yes","1","Yes","1","Background","2","Trend","1","Dedicated Monitoring/Observation","https://waterdata.usgs.gov/monitoring-location/430610100481701"
"USGS","430128099520001","U.S. Geological Survey","95N76W29BBBB","43.0244490241654","-99.8670612940666","NAD83","Interpolated from map","Accurate to +/- 10 seconds","2253","1","Feet","NGVD29","Reported","+/- 10 ft","80.3","1","Feet","N100HGHPLN","High Plains aquifer","US","United States of America","46","South Dakota","123","Tripp County","Ogallala Formation","WELL","UNCONFINED","0","No","0","No","1","Yes","1","Yes","1","Background","2","Trend","1","Dedicated Monitoring/Observation","https://waterdata.usgs.gov/monitoring-location/430128099520001"
"USGS","425956101424101","U.S. Geological Survey","35N37W19AADD","42.9988908534965","-101.711812394427","NAD83","Interpolated from map","Accurate to +/- 10 seconds","3297","1","Feet","NGVD29","Interpolated from topographic map","+/- 8 ft","164","1","Feet","N100HGHPLN","High Plains aquifer","US","United States of America","46","South Dakota","007","Bennett County","Ogallala Formation","WELL","UNCONFINED","0","No","0","No","1","Yes","1","Yes","1","Background","2","Trend","1","Dedicated Monitoring/Observation","https://waterdata.usgs.gov/monitoring-location/425956101424101"
"USGS","432411101080701","U.S. Geological Survey","40N32W32BBBB","43.4033345167992","-101.137369142264","NAD83","Interpolated from map","Accurate to +/- 10 seconds","2640","1","Feet","NGVD29","Interpolated from topographic map","+/- 10 ft","265","1","Feet","N100HGHPLN","High Plains aquifer","US","United States of America","46","South Dakota","095","Mellette County","White River Formation or Group","WELL","CONFINED","0","No","0","No","1","Yes","1","Yes","1","Background","2","Trend","1","Dedicated Monitoring/Observation","https://waterdata.usgs.gov/monitoring-location/432411101080701"
"USGS","431156099472601","U.S. Geological Survey","97N76W23DDDD","43.1988909354314","-99.7909486358316","NAD83","Interpolated from map","Accurate to +/- 10 seconds","2362","1","Feet","NGVD29","Reported","+/- 10 ft","65","1","Feet","N100HGHPLN","High Plains aquifer","US","United States of America","46","South Dakota","123","Tripp County","Ogallala Formation","WELL","UNCONFINED","0","No","0","No","1","Yes","1","Yes","1","Background","2","Trend","1","Dedicated Monitoring/Observation","https://waterdata.usgs.gov/monitoring-location/431156099472601"
"USGS","432740101223501","U.S. Geological Survey","40N34W 6DDDA","43.4622216595566","-101.375702305262","NAD83","Global positioning system (GPS), Standard Positioning Service (SPS) or Precise Positioning Service (PPS) NOTE after October, 2014 only use for mapping grade GPS units and use new codes W,X,Y, or Z that indicate the quality of the GNSS survey.","Accurate to +/- 1 second","2611","1","Feet","NGVD29","Interpolated from topographic map","+/- 15 ft","185","1","Feet","N100HGHPLN","High Plains aquifer","US","United States of America","46","South Dakota","071","Jackson County","Arikaree Formation","WELL","CONFINED","0","No","0","No","1","Yes","1","Yes","1","Background","2","Trend","1","Dedicated Monitoring/Observation","https://waterdata.usgs.gov/monitoring-location/432740101223501"
"USGS","432044101115201","U.S. Geological Survey","39N33W15DDDD","43.3455564638327","-101.198203578375","NAD83","Interpolated from map","Accurate to +/- 5 seconds","2800","1","Feet","NGVD29","Interpolated from topographic map","+/- 10 ft","360","1","Feet","N100HGHPLN","High Plains aquifer","US","United States of America","46","South Dakota","121","Todd County","Arikaree Formation","WELL","CONFINED","0","No","0","No","1","Yes","1","Yes","1","Background","2","Trend","1","Dedicated Monitoring/Observation","https://waterdata.usgs.gov/monitoring-location/432044101115201"
"USGS","431530101264101","U.S. Geological Survey","38N35W23BABB","43.2586088490721","-101.430150273939","NAD83","Global positioning system (GPS), Standard Positioning Service (SPS) or Precise Positioning Service (PPS) NOTE after October, 2014 only use for mapping grade GPS units and use new codes W,X,Y, or Z that indicate the quality of the GNSS survey.","Accurate to +/- 1 second","2933","1","Feet","NGVD29","Interpolated from topographic map","+/- 8 ft","260.7","1","Feet","N100HGHPLN","High Plains aquifer","US","United States of America","46","South Dakota","007","Bennett County","Arikaree Formation","WELL","UNCONFINED","0","No","0","No","1","Yes","1","Yes","1","Background","2","Trend","1","Dedicated Monitoring/Observation","https://waterdata.usgs.gov/monitoring-location/431530101264101"
"USGS","431458101483001","U.S. Geological Survey","38N38W22CBDC","43.2494404722798","-101.808761722519","NAD83","Interpolated from map","Accurate to +/- 10 seconds","3355","1","Feet","NGVD29","Altimeter","+/- 25 ft","313.2","1","Feet","N100HGHPLN","High Plains aquifer","US","United States of America","46","South Dakota","007","Bennett County","Arikaree Formation","WELL","CONFINED","0","No","0","No","1","Yes","1","Yes","1","Background","2","Trend","1","Dedicated Monitoring/Observation","https://waterdata.usgs.gov/monitoring-location/431458101483001"
"USGS","431153099212201","U.S. Geological Survey","97N72W21DDDD","43.1980557642027","-99.3564919461339","NAD83","Interpolated from map","Accurate to +/- 5 seconds","2150","1","Feet","NGVD29","Reported","+/- 5 ft","55.3","1","Feet","N100HGHPLN","High Plains aquifer","US","United States of America","46","South Dakota","053","Gregory County","Ogallala Formation","WELL","UNCONFINED","0","No","0","No","1","Yes","1","Yes","1","Background","2","Trend","1","Dedicated Monitoring/Observation","https://waterdata.usgs.gov/monitoring-location/431153099212201"
"USGS","430932100390001","U.S. Geological Survey","37N28W21CCCC","43.1583389386808","-100.649860381964","NAD83","Interpolated from map","Accurate to +/- 10 seconds","2772","1","Feet","NGVD29","Interpolated from topographic map","+/- 25 ft","163.6","1","Feet","N100HGHPLN","High Plains aquifer","US","United States of America","46","South Dakota","121","Todd County","Ogallala Formation","WELL","UNCONFINED","0","No","0","No","1","Yes","1","Yes","1","Background","2","Trend","1","Dedicated Monitoring/Observation","https://waterdata.usgs.gov/monitoring-location/430932100390001"
"USGS","430928101532401","U.S. Geological Survey","37N39W26AAAA","43.1577743584767","-101.890983332488","NAD83","Global positioning system (GPS), Standard Positioning Service (SPS) or Precise Positioning Service (PPS) NOTE after October, 2014 only use for mapping grade GPS units and use new codes W,X,Y, or Z that indicate the quality of the GNSS survey.","Accurate to +/- 1 second","3287","1","Feet","NGVD29","Interpolated from topographic map","+/- 10 ft","380.5","1","Feet","N100HGHPLN","High Plains aquifer","US","United States of America","46","South Dakota","007","Bennett County","Arikaree Formation","WELL","UNCONFINED","0","No","0","No","1","Yes","1","Yes","1","Background","2","Trend","1","Dedicated Monitoring/Observation","https://waterdata.usgs.gov/monitoring-location/430928101532401"
"USGS","430604100445401","U.S. Geological Survey","36N29W17AADD","43.1011169147478","-100.748752424141","NAD83","Interpolated from map","Accurate to +/- 1 minute","2890","1","Feet","NGVD29","Reported","+/- 111 ft","243","1","Feet","N100HGHPLN","High Plains aquifer","US","United States of America","46","South Dakota","121","Todd County","Ogallala Formation","WELL","","0","No","0","No","1","Yes","1","Yes","3","Known Changes","1","Surveillance","2","Other","https://waterdata.usgs.gov/monitoring-location/430604100445401"
"USGS","430923101484301","U.S. Geological Survey","37N38W28AAAA","43.1577754730224","-101.812093440979","NAD83","Global positioning system (GPS), Standard Positioning Service (SPS) or Precise Positioning Service (PPS) NOTE after October, 2014 only use for mapping grade GPS units and use new codes W,X,Y, or Z that indicate the quality of the GNSS survey.","Accurate to +/- 1 second","3263","1","Feet","NGVD29","Interpolated from topographic map","+/- 8 ft","402.6","1","Feet","N100HGHPLN","High Plains aquifer","US","United States of America","46","South Dakota","007","Bennett County","Arikaree Formation","WELL","CONFINED","0","No","0","No","1","Yes","1","Yes","1","Background","2","Trend","1","Dedicated Monitoring/Observation","https://waterdata.usgs.gov/monitoring-location/430923101484301"
"USGS","430923099461001","U.S. Geological Survey","96N75W 6CCCC","43.1563912735067","-99.769837165417","NAD83","Interpolated from map","Accurate to +/- 10 seconds","2301","1","Feet","NGVD29","Reported","+/- 10 ft","29.1","1","Feet","N100HGHPLN","High Plains aquifer","US","United States of America","46","South Dakota","123","Tripp County","Ogallala Formation","WELL","UNCONFINED","0","No","0","No","1","Yes","1","Yes","1","Background","2","Trend","1","Dedicated Monitoring/Observation","https://waterdata.usgs.gov/monitoring-location/430923099461001"
"USGS","430840101213601","U.S. Geological Survey","37N34W28CCCC","43.1430575654209","-101.35598327582","NAD83","Global positioning system (GPS), Standard PositioningService (SPS) or Precise Positioning Service (PPS) NOTE after October, 2014 only use for mapping grade GPS units and use new codes W,X,Y, or Z that indicate the quality of the GNSS survey.","Accurate to +/- 1 second","2990","1","Feet","NGVD29","Interpolated from topographic map","+/- 20 ft","284.9","1","Feet","N100HGHPLN","High Plains aquifer","US","United States of America","46","South Dakota","007","Bennett County","Arikaree Formation","WELL","UNCONFINED","0","No","0","No","1","Yes","1","Yes","1","Background","2","Trend","1","Dedicated Monitoring/Observation","https://waterdata.usgs.gov/monitoring-location/430840101213601"
"USGS","430839100373801","U.S. Geological Survey","37N28W27CCCC","43.1441724499434","-100.629581843603","NAD83","Interpolated from map","Accurate to +/- 1 minute","2805","1","Feet","NGVD29","Interpolated from topographic map","+/- 5 ft","182.3","1","Feet","N100HGHPLN","High Plains aquifer","US","United States of America","46","South Dakota","121","Todd County","Ogallala Formation","WELL","UNCONFINED","0","No","0","No","1","Yes","1","Yes","1","Background","2","Trend","1","Dedicated Monitoring/Observation","https://waterdata.usgs.gov/monitoring-location/430839100373801"
"USGS","430825101151801","U.S. Geological Survey","37N33W32BBBB2","43.1427811218833","-101.255428293157","NAD83","Interpolated from map","Accurate to +/- 1 second","2960","1","Feet","NGVD29","Interpolated from topographic map","+/- 10 ft","143","1","Feet","N100HGHPLN","High Plains aquifer","US","United States of America","46","South Dakota","007","Bennett County","Ogallala Formation","WELL","UNCONFINED","0","No","0","No","1","Yes","1","Yes","1","Background","2","Trend","1","Dedicated Monitoring/Observation","https://waterdata.usgs.gov/monitoring-location/430825101151801"
"USGS","430757101264701","U.S. Geological Survey","36N35W 9BAAA","43.117501614642","-101.446815846547","NAD83","Global positioning system (GPS), Standard Positioning Service (SPS) or Precise Positioning Service (PPS) NOTE after October, 2014 only use for mapping grade GPS units and use new codes W,X,Y, or Z that indicate the quality of the GNSS survey.","Accurate to +/- 1 second","3080","1","Feet","NGVD29","Interpolated from topographic map","+/- 10 ft","125","1","Feet","N100HGHPLN","High Plains aquifer","US","United States of America","46","South Dakota","007","Bennett County","Arikaree Formation","WELL","UNCONFINED","0","No","0","No","1","Yes","1","Yes","1","Background","2","Trend","1","Dedicated Monitoring/Observation","https://waterdata.usgs.gov/monitoring-location/430757101264701"
"USGS","430748102154801","U.S. Geological Survey","36N42W 4ABA","43.129434745887","-102.264877782268","NAD83","Global positioning system (GPS), Standard Positioning Service (SPS) or Precise Positioning Service (PPS) NOTE after October, 2014 only use for mapping grade GPS units and use new codes W,X,Y, or Z that indicate the quality of the GNSS survey.","Accurate to +/- 1 second","3447","1","Feet","NGVD29","Interpolated from topographic map","+/- 20 ft","505","1","Feet","N100HGHPLN","High Plains aquifer","US","United States of America","46","South Dakota","102","Oglala Lakota County","Arikaree Formation","WELL","UNCONFINED","0","No","0","No","1","Yes","1","Yes","1","Background","2","Trend","1","Dedicated Monitoring/Observation","https://waterdata.usgs.gov/monitoring-location/430748102154801"
"USGS","430748100455601","U.S. Geological Survey","37N29W33CCCC","43.1291666666667","-100.7675","NAD83","Global positioning system (GPS), Standard Positioning Service (SPS) or Precise Positioning Service (PPS) NOTE after October, 2014 only use for mapping grade GPS units and use new codes W,X,Y, or Z that indicate the quality of the GNSS survey.","Accurate to +/- 3 seconds (Standard Positioning Service (SPS GPS))","2909","1","Feet","NGVD29","Interpolated from topographic map","+/- 3 ft","203.1","1","Feet","N100HGHPLN","High Plains aquifer","US","United States of America","46","South Dakota","121","Todd County","Ogallala Formation","WELL","UNCONFINED","0","No","0","No","1","Yes","1","Yes","1","Background","2","Trend","1","Dedicated Monitoring/Observation","https://waterdata.usgs.gov/monitoring-location/430748100455601"
"USGS","430744101593201","U.S. Geological Survey","36N40W 2ABA","43.1291624138582","-101.988484011281","NAD83","Global positioning system (GPS), Standard Positioning Service (SPS) or Precise Positioning Service (PPS) NOTE after October, 2014 only use for mapping grade GPS units and use new codes W,X,Y, or Z that indicate the quality of the GNSS survey.","Accurate to +/- 1 second","3290","1","Feet","NGVD29","Interpolated from topographic map","+/- 8 ft","398","1","Feet","N100HGHPLN","High Plains aquifer","US","United States of America","46","South Dakota","007","Bennett County","Arikaree Formation","WELL","","0","No","0","No","1","Yes","1","Yes","3","Known Changes","1","Surveillance","1","Dedicated Monitoring/Observation","https://waterdata.usgs.gov/monitoring-location/430744101593201"
"USGS","430653101383401","U.S. Geological Survey","36N35W11BDAD","43.1133355858906","-101.407649453367","NAD83","Global positioning system (GPS), Standard Positioning Service (SPS) or Precise Positioning Service (PPS) NOTE after October, 2014 only use for mapping grade GPS units and use new codes W,X,Y, or Z that indicate the quality of the GNSS survey.","Accurate to +/- 1 second","3060","1","Feet","NGVD29","Interpolated from topographic map","+/- 10 ft","85","1","Feet","N100HGHPLN","High Plains aquifer","US","United States of America","46","South Dakota","007","Bennett County","Arikaree Formation","WELL","UNCONFINED","0","No","0","No","1","Yes","1","Yes","1","Background","2","Trend","1","Dedicated Monitoring/Observation","https://waterdata.usgs.gov/monitoring-location/430653101383401"
"USGS","430310098574401","U.S. Geological Survey","95N69W14AAAA","43.0527753014812","-98.9625911590996","NAD83","Interpolated from map","Accurate to +/- 10 seconds","1943","1","Feet","NGVD29","Reported","+/- 10 ft","83","1","Feet","N100HGHPLN","High Plains aquifer","US","United States of America","46","South Dakota","053","Gregory County","Ogallala Formation","WELL","UNCONFINED","0","No","0","No","1","Yes","1","Yes","1","Background","2","Trend","1","Dedicated Monitoring/Observation","https://waterdata.usgs.gov/monitoring-location/430310098574401"
"USGS","430258100471401","U.S. Geological Survey","36N30W36DDDA","43.0472284757372","-100.787087111218","NAD83","Interpolated from map","Accurate to +/- 1 second","2885","1","Feet","NGVD29","Interpolated from topographic map","+/- 5 ft","123","1","Feet","N100HGHPLN","High Plains aquifer","US","United States of America","46","South Dakota","121","Todd County","Ogallala Formation","WELL","UNCONFINED","0","No","0","No","1","Yes","1","Yes","1","Background","2","Trend","1","Dedicated Monitoring/Observation","https://waterdata.usgs.gov/monitoring-location/430258100471401"
"USGS","430255101291801","U.S. Geological Survey","36N35W31CDBD","43.0469477921027","-101.485703541553","NAD83","Interpolated from map","Accurate to +/- 5 seconds","3200","1","Feet","NGVD29","Interpolated from topographic map","+/- 40 ft","200","1","Feet","N100HGHPLN","High Plains aquifer","US","United States of America","46","South Dakota","007","Bennett County","Ogallala Formation","WELL","UNCONFINED","0","No","0","No","1","Yes","1","Yes","1","Background","2","Trend","1","Dedicated Monitoring/Observation","https://waterdata.usgs.gov/monitoring-location/430255101291801"
"USGS","430226100445201","U.S. Geological Survey","35N29W 4BCCB","43.0405618801824","-100.748196689651","NAD83","Interpolated from map","Accurate to +/- 1 minute","2845","1","Feet","NGVD29","Reported","+/- 111 ft","113","1","Feet","N100HGHPLN","High Plains aquifer","US","United States of America","46","South Dakota","121","Todd County","Arikaree Formation","WELL","CONFINED","0","No","0","No","1","Yes","1","Yes","1","Background","2","Trend","2","Other","https://waterdata.usgs.gov/monitoring-location/430226100445201"
"USGS","430055101440002","U.S. Geological Survey","40N37W30DDDD2","43.403609694048","-101.723759314461","NAD83","Interpolated from map","Accurate to +/- 5 seconds","2729","1","Feet","NGVD29","Interpolated from topographic map","+/- 30 ft","230","1","Feet","N100HGHPLN","High Plains aquifer","US","United States of America","46","South Dakota","071","Jackson County","Arikaree Formation","WELL","UNCONFINED","0","No","0","No","1","Yes","1","Yes","1","Background","2","Trend","1","Dedicated Monitoring/Observation","https://waterdata.usgs.gov/monitoring-location/430055101440002"
"USGS","430037099535601","U.S. Geological Survey","95N77W25DCCC","43.0102827716736","-99.8992840407236","NAD83","Interpolated from map","Accurate to +/- 10 seconds","2288","1","Feet","NGVD29","Reported","+/- 25 ft","185.5","1","Feet","N100HGHPLN","High Plains aquifer","US","United States of America","46","South Dakota","123","Tripp County","Arikaree Formation","WELL","","0","No","0","No","1","Yes","1","Yes","3","Known Changes","1","Surveillance","1","Dedicated Monitoring/Observation","https://waterdata.usgs.gov/monitoring-location/430037099535601"
"USGS","431608100051101","U.S. Geological Survey","98N78W33BBBB","43.2688920908884","-100.086789277372","NAD83","Interpolated from map","Accurate to +/- 10 seconds","2430","1","Feet","NGVD29","Reported","+/- 10 ft","78.2","1","Feet","N100HGHPLN","High Plains aquifer","US","United States of America","46","South Dakota","123","Tripp County","Ogallala Formation","WELL","UNCONFINED","0","No","0","No","1","Yes","1","Yes","1","Background","2","Trend","1","Dedicated Monitoring/Observation","https://waterdata.usgs.gov/monitoring-location/431608100051101"
"USGS","431006099163801","U.S. Geological Survey","96N71W 6AAAA","43.1683330718434","-99.2776003345199","NAD83","Interpolated from map","Accurate to +/- 10 seconds","2165","1","Feet","NGVD29","Reported","+/- 10 ft","123.3","1","Feet","N100HGHPLN","High Plains aquifer","US","United States of America","46","South Dakota","053","Gregory County","Ogallala Formation","WELL","UNCONFINED","0","No","0","No","1","Yes","1","Yes","1","Background","2","Trend","1","Dedicated Monitoring/Observation","https://waterdata.usgs.gov/monitoring-location/431006099163801"
"USGS","430835101554601","U.S. Geological Survey","37N39W34BBB","43.1433296299462","-101.930428002371","NAD83","Global positioning system (GPS), Standard Positioning Service (SPS) or Precise Positioning Service (PPS) NOTE after October, 2014 only use for mapping grade GPS units and use new codes W,X,Y, or Z that indicate the quality of the GNSS survey.","Accurate to +/- 1 second","3284","1","Feet","NGVD29","Interpolated from topographic map","+/- 15 ft","382.1","1","Feet","N100HGHPLN","High Plains aquifer","US","United States of America","46","South Dakota","007","Bennett County","Arikaree Formation","WELL","UNCONFINED","0","No","0","No","1","Yes","1","Yes","1","Background","2","Trend","1","Dedicated Monitoring/Observation","https://waterdata.usgs.gov/monitoring-location/430835101554601"
"USGS","432310101045501","U.S. Geological Survey","39N32W 3AAAA","43.3888905598227","-101.078480276499","NAD83","Interpolated from map","Accurate to +/- 5 seconds","2610","1","Feet","NGVD29","Interpolated from topographic map","+/- 10 ft","125","1","Feet","N100HGHPLN","High Plains aquifer","US","United States of America","46","South Dakota","121","Todd County","Arikaree Formation","WELL","UNCONFINED","0","No","0","No","1","Yes","1","Yes","1","Background","2","Trend","1","Dedicated Monitoring/Observation","https://waterdata.usgs.gov/monitoring-location/432310101045501"
"USGS","431250101163702","U.S. Geological Survey","37N34W 1AAAA2","43.2144444444444","-101.276388888889","NAD83","Interpolated from map","Unknown","3115","1","Feet","NGVD29","Reported","+/- 15 ft","257.5","1","Feet","N100HGHPLN","High Plains aquifer","US","United States of America","46","South Dakota","007","Bennett County","Ogallala Formation","WELL","UNCONFINED","0","No","0","No","1","Yes","1","Yes","1","Background","2","Trend","1","Dedicated Monitoring/Observation","https://waterdata.usgs.gov/monitoring-location/431250101163702"
"USGS","431255101212001","U.S. Geological Survey","38N34W32DDDD","43.2158331110772","-101.355983460307","NAD83","Interpolated from map","Accurate to +/- 1 second","3030","1","Feet","NGVD29","Interpolated from topographic map","+/- 10 ft","176.9","1","Feet","N100HGHPLN","High Plains aquifer","US","United States of America","46","South Dakota","007","Bennett County","Ogallala Formation","WELL","UNCONFINED","0","No","0","No","1","Yes","1","Yes","1","Background","2","Trend","1","Dedicated Monitoring/Observation","https://waterdata.usgs.gov/monitoring-location/431255101212001"
"USGS","433100102002101","U.S. Geological Survey","41N39W19ACAA","43.5155543574354","-102.006262296167","NAD83","Interpolated from map","Accurate to +/- 10 seconds","2930","1","Feet","NGVD29","Interpolated from topographic map","+/- 50 ft","210","1","Feet","N100HGHPLN","High Plains aquifer","US","United States of America","46","South Dakota","071","Jackson County","Arikaree Formation","WELL","UNCONFINED","0","No","0","No","1","Yes","1","Yes","1","Background","2","Trend","1","Dedicated Monitoring/Observation","https://waterdata.usgs.gov/monitoring-location/433100102002101"
"USGS","432554101065601","U.S. Geological Survey","40N32W21BBBB","43.4325011004948","-101.117924236006","NAD83","Interpolated from map","Accurate to +/- 10 seconds","2576","1","Feet","NGVD29","Interpolated from topographic map","+/- 10 ft","162.5","1","Feet","N100HGHPLN","High Plains aquifer","US","United States of America","46","South Dakota","095","Mellette County","Arikaree Formation","WELL","CONFINED","0","No","0","No","1","Yes","1","Yes","1","Background","2","Trend","1","Dedicated Monitoring/Observation","https://waterdata.usgs.gov/monitoring-location/432554101065601"
"USGS","430609100434201","U.S. Geological Survey","36N29W16AAAA","43.1036169469862","-100.729862882604","NAD83","Interpolated from map","Accurate to +/- 1 second","2863","1","Feet","NGVD29","Reported","+/- 25 ft","222.1","1","Feet","N100HGHPLN","High Plains aquifer","US","United States of America","46","South Dakota","121","Todd County","Ogallala Formation","WELL","","0","No","0","No","1","Yes","1","Yes","3","Known Changes","1","Surveillance","1","Dedicated Monitoring/Observation","https://waterdata.usgs.gov/monitoring-location/430609100434201"
"USGS","431958101582101","U.S. Geological Survey","39N39W19DDBC (2)","43.3336066888974","-101.974596472336","NAD83","Global positioning system (GPS), Standard Positioning Service (SPS) or Precise Positioning Service (PPS) NOTE after October, 2014 only use for mapping grade GPS units and use new codes W,X,Y, or Z that indicate the quality of the GNSS survey.","Accurate to +/- 1 second","3418","1","Feet","NGVD29","Altimeter","+/- 20 ft","294.7","1","Feet","N100HGHPLN","High Plains aquifer","US","United States of America","46","South Dakota","007","Bennett County","Arikaree Formation","WELL","CONFINED","0","No","0","No","1","Yes","1","Yes","1","Background","2","Trend","1","Dedicated Monitoring/Observation","https://waterdata.usgs.gov/monitoring-location/431958101582101"
"USGS","431101099211901","U.S. Geological Survey","97N72W27DDDD","43.1836113592894","-99.3556586725432","NAD83","Interpolated from map","Accurate to +/- 10 seconds","2163","1","Feet","NGVD29","Reported","+/- 10 ft","56.3","1","Feet","N100HGHPLN","High Plains aquifer","US","United States of America","46","South Dakota","053","Gregory County","Ogallala Formation","WELL","UNCONFINED","0","No","0","No","1","Yes","1","Yes","1","Background","2","Trend","1","Dedicated Monitoring/Observation","https://waterdata.usgs.gov/monitoring-location/431101099211901"
"USGS","430842100411301","U.S. Geological Survey","37N28W30CCCB","43.1447278267109","-100.689028299031","NAD83","Interpolated from map","Accurate to +/- 10 seconds","2770","1","Feet","NGVD29","Interpolated from topographic map","+/- 5 ft","184.1","1","Feet","N100HGHPLN","High Plains aquifer","US","United States of America","46","South Dakota","121","Todd County","Ogallala Formation","WELL","UNCONFINED","0","No","0","No","1","Yes","1","Yes","1","Background","2","Trend","1","Dedicated Monitoring/Observation","https://waterdata.usgs.gov/monitoring-location/430842100411301"
"USGS","430133100061501","U.S. Geological Survey","95N78W20CCCC","43.0258392089221","-100.104566993398","NAD83","Interpolated from map","Accurate to +/- 10 seconds","2430","1","Feet","NGVD29","Reported","+/- 10 ft","105.7","1","Feet","N100HGHPLN","High Plains aquifer","US","United States of America","46","South Dakota","123","Tripp County","Arikaree Formation","WELL","UNCONFINED","0","No","0","No","1","Yes","1","Yes","1","Background","2","Trend","1","Dedicated Monitoring/Observation","https://waterdata.usgs.gov/monitoring-location/430133100061501"
"USGS","430129099201201","U.S. Geological Survey","95N72W22DDDD","43.0247227802598","-99.3370478528185","NAD83","Interpolated from map","Accurate to +/- 10 seconds","2217","1","Feet","NGVD29","Reported","+/- 10 ft","105.3","1","Feet","N100HGHPLN","High Plains aquifer","US","United States of America","46","South Dakota","053","Gregory County","Arikaree Formation","WELL","CONFINED","0","No","0","No","1","Yes","1","Yes","1","Background","2","Trend","1","Dedicated Monitoring/Observation","https://waterdata.usgs.gov/monitoring-location/430129099201201"
"USGS","430256101160001","U.S. Geological Survey","36N34W36DBCB","43.0508392603877","-101.268484170763","NAD83","Interpolated from map","Accurate to +/- 1 second","3050","1","Feet","NGVD29","Interpolated from topographic map","+/- 10 ft","205","1","Feet","N100HGHPLN","High Plains aquifer","US","United States of America","46","South Dakota","007","Bennett County","Ogallala Formation","WELL","CONFINED","0","No","0","No","1","Yes","1","Yes","1","Background","2","Trend","1","Dedicated Monitoring/Observation","https://waterdata.usgs.gov/monitoring-location/430256101160001"
"USGS","430521101223401","U.S. Geological Survey","36N34W18CCCC (2)","43.089447815166","-101.378205142629","NAD83","Interpolated from map","Accurate to +/- 10 seconds","3071","1","Feet","NGVD29","Interpolated from topographic map","+/- 15 ft","78.2","1","Feet","N100HGHPLN","High Plains aquifer","US","United States of America","46","South Dakota","007","Bennett County","Ogallala Formation","WELL","UNCONFINED","0","No","0","No","1","Yes","1","Yes","1","Background","2","Trend","1","Dedicated Monitoring/Observation","https://waterdata.usgs.gov/monitoring-location/430521101223401"
"USGS","430520101260401","U.S. Geological Survey","36N35W15CCCC","43.0888915542911","-101.434871244702","NAD83","Interpolated from map","Accurate to +/- 10 seconds","3090","1","Feet","NGVD29","Interpolated from topographic map","+/- 8 ft","185","1","Feet","N100HGHPLN","High Plains aquifer","US","United States of America","46","South Dakota","007","Bennett County","Arikaree Formation","WELL","UNCONFINED","0","No","0","No","1","Yes","1","Yes","1","Background","2","Trend","1","Dedicated Monitoring/Observation","https://waterdata.usgs.gov/monitoring-location/430520101260401"
