AgencyCd,SiteNo,AgencyNm,SiteName,DecLatVa,DecLongVa,HorzDatum,HorzMethod,HorzAcy,AltVa,AltUnits,AltUnitsNm,AltDatumCd,AltMethod,AltAcy,WellDepthUnits,WellDepthUnitsNm,NatAquiferCd,NatAqfrDesc,CountryCd,CountryNm,StateCd,StateNm,CountyCd,CountyNm,LocalAquiferName,SiteType,AquiferType,QwSnFlag,QwSnDesc,QwBaselineFlag,QwBaselineDesc,WlSysName,WlSnFlag,WlSnDesc,WlBaselineFlag,WlBaselineDesc,WlWellChars,WlWellCharsDesc,WlWellType,WlWellTypeDesc,WlWellPurpose,WlWellPurposeDesc,Link,Column1
TWDB,2401104,Texas Water Development Board,2401104,33.960278,-102.992778,NAD83,Interpolated From Topo Map,+/- 1 Second,4045,1,Feet,NAVD88,Interpolated From Topo Map,Unknown,,1,Feet,N100HGHPLN,High Plains aquifer,US,United States of America,48,Texas,017,Bailey County,Ogallala Formation (Ogallala),WELL,UNCONFINED,0,No,0,No,TWDB GWDB,1,Yes,1,Yes,1,Background,1,Surveillance,1,Dedicated Monitoring/Observation,https://www3.twdb.texas.gov/apps/waterdatainteractive//GetReports.aspx?Num=2401104&Type=GWDB
TWDB,1049104,Texas Water Development Board,Birdwell Ranch Quad,34.230555,-102.981389,NAD83,GPS,+/- 0.5 Seconds,3947,1,Feet,NAVD88,Interpolated From Topo Map,Unknown,202,1,Feet,N100HGHPLN,High Plains aquifer,US,United States of America,48,Texas,017,Bailey County,Ogallala Formation,WELL,UNCONFINED,0,No,0,No,TWDB GWDB,1,Yes,1,Yes,3,Known Changes,1,Surveillance,1,Dedicated Monitoring/Observation,http://www2.twdb.texas.gov/apps/waterdatainteractive//GetReports.aspx?Num=2461502&Type=GWDB
TWDB,1042905,Texas Water Development Board,TWDB:1042905,34.279167,-102.777778,NAD83,Interpolated From Topo Map,+/- 1 Second,3857,1,Feet,NAVD88,Interpolated From Topo Map,Unknown,246,1,Feet,N100HGHPLN,High Plains aquifer,US,United States of America,48,Texas,017,Bailey County,Ogallala Formation (121OGLL),WELL,UNCONFINED,0,No,0,No,TWDB GWDB,1,Yes,1,Yes,1,Background,1,Surveillance,1,Dedicated Monitoring/Observation,https://www2.twdb.texas.gov/apps/waterdatainteractive//GetReports.aspx?Num=1042905&Type=GWDB
TWDB,1043905,Texas Water Development Board,TWDB:1043905,34.277778,-102.648889,NAD83,Interpolated From Topo Map,+/- 1 Second,3786,1,Feet,NAVD88,Interpolated From Topo Map,Unknown,190,1,Feet,N100HGHPLN,High Plains aquifer,US,United States of America,48,Texas,017,Bailey County,Ogallala Formation (121OGLL),WELL,UNCONFINED,0,No,0,No,TWDB GWDB,1,Yes,1,Yes,1,Background,1,Surveillance,1,Dedicated Monitoring/Observation,https://www2.twdb.texas.gov/apps/waterdatainteractive//GetReports.aspx?Num=1043905&Type=GWDB
TWDB,1050901,Texas Water Development Board,TWDB:1050901,34.154445,-102.755556,NAD83,Global Positioning System - GPS,+/- 0.5 Seconds - GPS,3872,1,Feet,NAVD88,Interpolated From Topo Map,Unknown,180,1,Feet,N100HGHPLN,High Plains aquifer,US,United States of America,48,Texas,017,Bailey County,Ogallala Formation (121OGLL),WELL,UNCONFINED,0,No,0,No,TWDB GWDB,1,Yes,1,Yes,1,Background,1,Surveillance,1,Dedicated Monitoring/Observation,https://www2.twdb.texas.gov/apps/waterdatainteractive//GetReports.aspx?Num=1050901&Type=GWDB
TWDB,2516305,Texas Water Development Board,2516305,33.845556,-103.007223,NAD83,Global Positioning System - GPS,+/- 0.5 Seconds - GPS,3921,1,Feet,NAVD88,Digital Elevation Model -DEM,3M,,1,Feet,N100HGHPLN,High Plains aquifer,US,United States of America,48,Texas,017,Bailey County,Ogallala Formation (Ogallala),WELL,UNCONFINED,0,No,0,No,TWDB GWDB,1,Yes,1,Yes,1,Background,1,Surveillance,2,Other,https://www3.twdb.texas.gov/apps/waterdatainteractive//GetReports.aspx?Num=2516305&Type=GWDB
TWDB,2403602,Texas Water Development Board,2403602,33.934445,-102.663056,NAD83,Interpolated From Topo Map,+/- 1 Second,3805,1,Feet,NAVD88,Interpolated From Topo Map,Unknown,,1,Feet,N100HGHPLN,High Plains aquifer,US,United States of America,48,Texas,017,Bailey County,Ogallala Formation (Ogallala),WELL,UNCONFINED,0,No,0,No,TWDB GWDB,1,Yes,1,Yes,1,Background,1,Surveillance,2,Other,https://www3.twdb.texas.gov/apps/waterdatainteractive//GetReports.aspx?Num=2403602&Type=GWDB
TWDB,2403201,Texas Water Development Board,2403201,33.9725,-102.67,NAD83,Interpolated From Topo Map,+/- 1 Second,3792,1,Feet,NAVD88,Interpolated From Topo Map,Unknown,,1,Feet,N100HGHPLN,High Plains aquifer,US,United States of America,48,Texas,017,Bailey County,Ogallala Formation(Ogallala),WELL,UNCONFINED,0,No,0,No,TWDB GWDB,1,Yes,1,Yes,1,Background,1,Surveillance,2,Other,https://www3.twdb.texas.gov/apps/waterdatainteractive//GetReports.aspx?Num=2403201&Type=GWDB
TWDB,2508604,Texas Water Development Board,2508604,33.921667,-103.010556,NAD83,Interpolated From Topo Map,+/- 1 Second,4002,1,Feet,NAVD88,Interpolated From Topo Map,Unknown,,1,Feet,N100HGHPLN,High Plains aquifer,US,United States of America,48,Texas,017,Bailey County,Ogallala Formation (Ogallala),WELL,UNCONFINED,0,No,0,No,TWDB GWDB,1,Yes,1,Yes,1,Background,1,Surveillance,1,Dedicated Monitoring/Observation,https://www3.twdb.texas.gov/apps/waterdatainteractive//GetReports.aspx?Num=2508604&Type=GWDB
TWDB,1052410,Texas Water Development Board,TWDB:1052410,34.17,-102.621389,NAD83,Global Positioning System - GPS,+/- 0.5 Seconds - GPS,3785,1,Feet,NAVD88,Interpolated From Topo Map,Unknown,237,1,Feet,N100HGHPLN,High Plains aquifer,US,United States of America,48,Texas,017,Bailey County,Ogallala Formation (121OGLL),WELL,UNCONFINED,0,No,0,No,TWDB GWDB,1,Yes,1,Yes,1,Background,1,Surveillance,1,Dedicated Monitoring/Observation,https://www2.twdb.texas.gov/apps/waterdatainteractive//GetReports.aspx?Num=1052410&Type=GWDB
TWDB,956603,Texas Water Development Board,TWDB:0956603,34.19,-103.016944,NAD83,Global Positioning System - GPS,+/- 0.5 Seconds - GPS,3944,1,Feet,NAVD88,Interpolated From Topo Map,Unknown,187,1,Feet,N100HGHPLN,High Plains aquifer,US,United States of America,48,Texas,017,Bailey County,Ogallala Formation (121OGLL),WELL,UNCONFINED,0,No,0,No,TWDB GWDB,1,Yes,1,Yes,1,Background,1,Surveillance,1,Dedicated Monitoring/Observation,https://www2.twdb.texas.gov/apps/waterdatainteractive//GetReports.aspx?Num=0956603&Type=GWDB
TWDB,956903,Texas Water Development Board,TWDB:0956903,34.15,-103.031667,NAD83,Global Positioning System - GPS,+/- 0.5 Seconds - GPS,3955,1,Feet,NAVD88,Interpolated From Topo Map,Unknown,203,1,Feet,N100HGHPLN,High Plains aquifer,US,United States of America,48,Texas,017,Bailey County,Ogallala Formation (121OGLL),WELL,UNCONFINED,0,No,0,No,TWDB GWDB,1,Yes,1,Yes,1,Background,1,Surveillance,1,Dedicated Monitoring/Observation,https://www2.twdb.texas.gov/apps/waterdatainteractive//GetReports.aspx?Num=0956903&Type=GWDB
TWDB,1042507,Texas Water Development Board,TWDB:1042507,34.31,-102.801112,NAD83,Global Positioning System - GPS,+/- 0.5 Seconds - GPS,3912,1,Feet,NAVD88,Interpolated From Topo Map,Unknown,373,1,Feet,N100HGHPLN,High Plains aquifer,US,United States of America,48,Texas,017,Bailey County,Ogallala Formation (121OGLL),WELL,UNCONFINED,0,No,0,No,TWDB GWDB,1,Yes,1,Yes,1,Background,1,Surveillance,1,Dedicated Monitoring/Observation,https://www2.twdb.texas.gov/apps/waterdatainteractive//GetReports.aspx?Num=1042507&Type=GWDB
TWDB,1049209,Texas Water Development Board,TWDB:1049209,34.21,-102.956112,NAD83,Global Positioning System - GPS,+/- 0.5 Seconds - GPS,3909,1,Feet,NAVD88,Interpolated From Topo Map,Unknown,185,1,Feet,N100HGHPLN,High Plains aquifer,US,United States of America,48,Texas,017,Bailey County,Ogallala Formation (121OGLL),WELL,UNCONFINED,0,No,0,No,TWDB GWDB,1,Yes,1,Yes,1,Background,1,Surveillance,1,Dedicated Monitoring/Observation,https://www2.twdb.texas.gov/apps/waterdatainteractive//GetReports.aspx?Num=1049209&Type=GWDB
TWDB,1049404,Texas Water Development Board,TWDB:1049404,34.2,-102.963612,NAD83,Global Positioning System - GPS,+/- 0.5 Seconds - GPS,3952,1,Feet,NAVD88,Interpolated From Topo Map,Unknown,247,1,Feet,N100HGHPLN,High Plains aquifer,US,United States of America,48,Texas,017,Bailey County,Ogallala Formation (121OGLL),WELL,UNCONFINED,0,No,0,No,TWDB GWDB,1,Yes,1,Yes,1,Background,1,Surveillance,1,Dedicated Monitoring/Observation,https://www2.twdb.texas.gov/apps/waterdatainteractive//GetReports.aspx?Num=1049404&Type=GWDB
TWDB,1050704,Texas Water Development Board,TWDB:1050704,34.16,-102.851945,NAD83,Global Positioning System - GPS,+/- 0.5 Seconds - GPS,3890,1,Feet,NAVD88,Interpolated From Topo Map,Unknown,143,1,Feet,N100HGHPLN,High Plains aquifer,US,United States of America,48,Texas,017,Bailey County,Ogallala Formation (121OGLL),WELL,UNCONFINED,0,No,0,No,TWDB GWDB,1,Yes,1,Yes,1,Background,1,Surveillance,1,Dedicated Monitoring/Observation,https://www2.twdb.texas.gov/apps/waterdatainteractive//GetReports.aspx?Num=1050704&Type=GWDB
TWDB,1050804,Texas Water Development Board,TWDB:1050804,34.16,-102.806389,NAD83,Global Positioning System - GPS,+/- 0.5 Seconds - GPS,3891,1,Feet,NAVD88,Interpolated From Topo Map,Unknown,138,1,Feet,N100HGHPLN,High Plains aquifer,US,United States of America,48,Texas,017,Bailey County,Ogallala Formation (121OGLL),WELL,UNCONFINED,0,No,0,No,TWDB GWDB,1,Yes,1,Yes,1,Background,1,Surveillance,1,Dedicated Monitoring/Observation,https://www2.twdb.texas.gov/apps/waterdatainteractive//GetReports.aspx?Num=1050804&Type=GWDB
TWDB,1051704,Texas Water Development Board,TWDB:1051704,34.16,-102.715001,NAD83,Global Positioning System - GPS,+/- 0.5 Seconds - GPS,3858,1,Feet,NAVD88,Interpolated From Topo Map,Unknown,140,1,Feet,N100HGHPLN,High Plains aquifer,US,United States of America,48,Texas,017,Bailey County,Ogallala Formation (121OGLL),WELL,UNCONFINED,0,No,0,No,TWDB GWDB,1,Yes,1,Yes,1,Background,1,Surveillance,1,Dedicated Monitoring/Observation,https://www2.twdb.texas.gov/apps/waterdatainteractive//GetReports.aspx?Num=1051704&Type=GWDB
TWDB,2411203,Texas Water Development Board,TWDB:2411203,33.87,-102.701112,NAD83,Global Positioning System - GPS,+/- 0.5 Seconds - GPS,3786,1,Feet,NAVD88,Interpolated From Topo Map,Unknown,139,1,Feet,N100HGHPLN,High Plains aquifer,US,United States of America,48,Texas,017,Bailey County,Ogallala Formation (121OGLL),WELL,UNCONFINED,0,No,0,No,TWDB GWDB,1,Yes,1,Yes,1,Background,1,Surveillance,1,Dedicated Monitoring/Observation,https://www2.twdb.texas.gov/apps/waterdatainteractive//GetReports.aspx?Num=2411203&Type=GWDB
TWDB,2409302,Texas Water Development Board,TWDB:2409302,33.8725,-102.887778,NAD83,Interpolated from Highway or large-scale maps or with only fair location sketches,+/- 5 Seconds,3877,1,Feet,NAVD88,Interpolated From Topo Map,Unknown,173,1,Feet,N100HGHPLN,High Plains aquifer,US,United States of America,48,Texas,017,Bailey County,Ogallala Formation (121OGLL),WELL,UNCONFINED,0,No,0,No,TWDB GWDB,1,Yes,1,Yes,1,Background,1,Surveillance,1,Dedicated Monitoring/Observation,https://www2.twdb.texas.gov/apps/waterdatainteractive//GetReports.aspx?Num=2409302&Type=GWDB
TWDB,956602,Texas Water Development Board,TWDB:0956602,34.205278,-103.029444,NAD83,Interpolated From Topo Map,+/- 1 Second,3978,1,Feet,NAVD88,Interpolated From Topo Map,Unknown,184,1,Feet,N100HGHPLN,High Plains aquifer,US,United States of America,48,Texas,017,Bailey County,Ogallala Formation (121OGLL),WELL,UNCONFINED,0,No,0,No,TWDB GWDB,1,Yes,1,Yes,1,Background,1,Surveillance,1,Dedicated Monitoring/Observation,https://www2.twdb.texas.gov/apps/waterdatainteractive//GetReports.aspx?Num=0956602&Type=GWDB
TWDB,2411202,Texas Water Development Board,2411202,33.846111,-102.707501,NAD83,Interpolated From Topo Map,+/- 1 Second,3760,1,Feet,NAVD88,Interpolated From Topo Map,Unknown,,1,Feet,N100HGHPLN,High Plains aquifer,US,United States of America,48,Texas,017,Bailey County,Ogallala Formation (Ogallala),WELL,UNCONFINED,0,No,0,No,TWDB GWDB,1,Yes,1,Yes,1,Background,1,Surveillance,2,Other,https://www3.twdb.texas.gov/apps/waterdatainteractive//GetReports.aspx?Num=2411202&Type=GWDB
TWDB,1043402,Texas Water Development Board,TWDB:1043402,34.298056,-102.726667,NAD83,Interpolated From Topo Map,+/- 1 Second,3858,1,Feet,NAVD88,Interpolated From Topo Map,Unknown,314,1,Feet,N100HGHPLN,High Plains aquifer,US,United States of America,48,Texas,017,Bailey County,Ogallala Formation (121OGLL),WELL,UNCONFINED,0,No,0,No,TWDB GWDB,1,Yes,1,Yes,1,Background,1,Surveillance,1,Dedicated Monitoring/Observation,https://www2.twdb.texas.gov/apps/waterdatainteractive//GetReports.aspx?Num=1043402&Type=GWDB
TWDB,1043605,Texas Water Development Board,TWDB:1043605,34.306389,-102.645834,NAD83,Interpolated From Topo Map,+/- 1 Second,3839,1,Feet,NAVD88,Interpolated From Topo Map,Unknown,356,1,Feet,N100HGHPLN,High Plains aquifer,US,United States of America,48,Texas,017,Bailey County,Ogallala Formation (121OGLL),WELL,UNCONFINED,0,No,0,No,TWDB GWDB,1,Yes,1,Yes,1,Background,1,Surveillance,1,Dedicated Monitoring/Observation,https://www2.twdb.texas.gov/apps/waterdatainteractive//GetReports.aspx?Num=1043605&Type=GWDB
TWDB,1043807,Texas Water Development Board,TWDB:1043807,34.266389,-102.687778,NAD83,Interpolated From Topo Map,+/- 1 Second,3794,1,Feet,NAVD88,Interpolated From Topo Map,Unknown,250,1,Feet,N100HGHPLN,High Plains aquifer,US,United States of America,48,Texas,017,Bailey County,Ogallala Formation (121OGLL),WELL,UNCONFINED,0,No,0,No,TWDB GWDB,1,Yes,1,Yes,1,Background,1,Surveillance,1,Dedicated Monitoring/Observation,https://www2.twdb.texas.gov/apps/waterdatainteractive//GetReports.aspx?Num=1043807&Type=GWDB
TWDB,1050703,Texas Water Development Board,TWDB:1050703,34.138334,-102.874167,NAD83,Interpolated From Topo Map,+/- 1 Second,3927,1,Feet,NAVD88,Interpolated From Topo Map,Unknown,220,1,Feet,N100HGHPLN,High Plains aquifer,US,United States of America,48,Texas,017,Bailey County,Ogallala Formation (121OGLL),WELL,UNCONFINED,0,No,0,No,TWDB GWDB,1,Yes,1,Yes,1,Background,1,Surveillance,1,Dedicated Monitoring/Observation,https://www2.twdb.texas.gov/apps/waterdatainteractive//GetReports.aspx?Num=1050703&Type=GWDB
TWDB,2402501,Texas Water Development Board,2402501,33.936945,-102.830555,NAD83,Interpolated From Topo Map,+/- 1 Second,3853,1,Feet,NAVD88,Interpolated From Topo Map,Unknown,,1,Feet,N100HGHPLN,High Plains aquifer,US,United States of America,48,Texas,017,Bailey County,Ogallala Formation (Ogallala),WELL,UNCONFINED,0,No,0,No,TWDB GWDB,1,Yes,1,Yes,1,Background,1,Surveillance,2,Other,https://www3.twdb.texas.gov/apps/waterdatainteractive//GetReports.aspx?Num=2402501&Type=GWDB
TWDB,1057303,Texas Water Development Board,TWDB:1057303,34.119167,-102.900556,NAD83,Interpolated From Topo Map,+/- 1 Second,3873,1,Feet,NAVD88,Interpolated From Topo Map,Unknown,140,1,Feet,N100HGHPLN,High Plains aquifer,US,United States of America,48,Texas,017,Bailey County,Ogallala Formation (121OGLL),WELL,UNCONFINED,0,No,0,No,TWDB GWDB,1,Yes,1,Yes,1,Background,1,Surveillance,1,Dedicated Monitoring/Observation,https://www2.twdb.texas.gov/apps/waterdatainteractive//GetReports.aspx?Num=1057303&Type=GWDB
TWDB,1059106,Texas Water Development Board,TWDB:1059106,34.085278,-102.733055,NAD83,Interpolated From Topo Map,+/- 1 Second,3915,1,Feet,NAVD88,Interpolated From Topo Map,Unknown,148,1,Feet,N100HGHPLN,High Plains aquifer,US,United States of America,48,Texas,017,Bailey County,Ogallala Formation (121OGLL),WELL,UNCONFINED,0,No,0,No,TWDB GWDB,1,Yes,1,Yes,1,Background,1,Surveillance,1,Dedicated Monitoring/Observation,https://www2.twdb.texas.gov/apps/waterdatainteractive//GetReports.aspx?Num=1059106&Type=GWDB
TWDB,2403901,Texas Water Development Board,2403901,33.892778,-102.6475,NAD83,Interpolated From Topo Map,+/- 1 Second,3752,1,Feet,NAVD88,Interpolated From Topo Map,Unknown,68,1,Feet,N100HGHPLN,High Plains aquifer,US,United States of America,48,Texas,017,Bailey County,Ogallala Formation (121OGLL),WELL,UNCONFINED,0,No,0,No,TWDB GWDB,1,Yes,1,Yes,1,Background,1,Surveillance,1,Dedicated Monitoring/Observation,https://www3.twdb.texas.gov/apps/waterdatainteractive//GetReports.aspx?Num=2403901&Type=GWDB
TWDB,2401701,Texas Water Development Board,2401701,33.901667,-102.963889,NAD83,Interpolated From Topo Map,+/- 1 Second,3962,1,Feet,NAVD88,Interpolated From Topo Map,Unknown,193,1,Feet,N100HGHPLN,High Plains aquifer,US,United States of America,48,Texas,017,Bailey County,Ogallala Formation (121OGLL),WELL,UNCONFINED,0,No,0,No,TWDB GWDB,1,Yes,1,Yes,1,Background,1,Surveillance,1,Dedicated Monitoring/Observation,https://www3.twdb.texas.gov/apps/waterdatainteractive//GetReports.aspx?Num=2401701&Type=GWDB
TWDB,2411302,Texas Water Development Board,2411302,33.833889,-102.654167,NAD83,Interpolated From Topo Map,+/- 1 Second,3679,1,Feet,NAVD88,Interpolated From Topo Map,Unknown,105,1,Feet,N100HGHPLN,High Plains aquifer,US,United States of America,48,Texas,017,Bailey County,Ogallala Formation (121OGLL),WELL,UNCONFINED,0,No,0,No,TWDB GWDB,1,Yes,1,Yes,1,Background,1,Surveillance,1,Dedicated Monitoring/Observation,https://www3.twdb.texas.gov/apps/waterdatainteractive//GetReports.aspx?Num=2411302&Type=GWDB
TWDB,2409501,Texas Water Development Board,2409501,33.831944,-102.933055,NAD83,Interpolated From Topo Map,+/- 1 Second,3886,1,Feet,NAVD88,Interpolated From Topo Map,Unknown,217,1,Feet,N100HGHPLN,High Plains aquifer,US,United States of America,48,Texas,017,Bailey County,Ogallala Formation (121OGLL),WELL,UNCONFINED,0,No,0,No,TWDB GWDB,1,Yes,1,Yes,1,Background,1,Surveillance,1,Dedicated Monitoring/Observation,https://www3.twdb.texas.gov/apps/waterdatainteractive//GetReports.aspx?Num=2409501&Type=GWDB
TWDB,2409103,Texas Water Development Board,2409103,33.857501,-102.978611,NAD83,Interpolated From Topo Map,+/- 1 Second,3929,1,Feet,NAVD88,Interpolated From Topo Map,Unknown,219,1,Feet,N100HGHPLN,High Plains aquifer,US,United States of America,48,Texas,017,Bailey County,Ogallala Formation (121OGLL),WELL,UNCONFINED,0,No,0,No,TWDB GWDB,1,Yes,1,Yes,1,Background,1,Surveillance,1,Dedicated Monitoring/Observation,https://www3.twdb.texas.gov/apps/waterdatainteractive//GetReports.aspx?Num=2409103&Type=GWDB
TWDB,948902,Texas Water Development Board,TWDB:0948902,34.2875,-103.033611,NAD83,Interpolated From Topo Map,+/- 1 Second,4058,1,Feet,NAVD88,Interpolated From Topo Map,Unknown,272,1,Feet,N100HGHPLN,High Plains aquifer,US,United States of America,48,Texas,017,Bailey County,Ogallala Formation (121OGLL),WELL,UNCONFINED,0,No,1,Yes,TWDB GWDB,1,Yes,1,Yes,1,Background,1,Surveillance,1,Dedicated Monitoring/Observation,https://www2.twdb.texas.gov/apps/waterdatainteractive//GetReports.aspx?Num=0948902&Type=GWDB
TWDB,1049607,Texas Water Development Board,TWDB:1049607,34.182222,-102.891389,NAD83,Interpolated From Topo Map,+/- 1 Second,3897,1,Feet,NAVD88,Interpolated From Topo Map,Unknown,226,1,Feet,N100HGHPLN,High Plains aquifer,US,United States of America,48,Texas,017,Bailey County,Ogallala Formation (121OGLL),WELL,UNCONFINED,0,No,0,No,TWDB GWDB,1,Yes,1,Yes,1,Background,1,Surveillance,1,Dedicated Monitoring/Observation,https://www2.twdb.texas.gov/apps/waterdatainteractive//GetReports.aspx?Num=1049607&Type=GWDB
TWDB,1050104,Texas Water Development Board,TWDB:1050104,34.211112,-102.850556,NAD83,Interpolated From Topo Map,+/- 1 Second,3845,1,Feet,NAVD88,Interpolated From Topo Map,Unknown,166,1,Feet,N100HGHPLN,High Plains aquifer,US,United States of America,48,Texas,017,Bailey County,Ogallala Formation (121OGLL),WELL,UNCONFINED,0,No,0,No,TWDB GWDB,1,Yes,1,Yes,1,Background,1,Surveillance,1,Dedicated Monitoring/Observation,https://www2.twdb.texas.gov/apps/waterdatainteractive//GetReports.aspx?Num=1050104&Type=GWDB
TWDB,1050602,Texas Water Development Board,TWDB:1050602,34.181389,-102.778889,NAD83,Interpolated From Topo Map,+/- 1 Second,3856,1,Feet,NAVD88,Interpolated From Topo Map,Unknown,193,1,Feet,N100HGHPLN,High Plains aquifer,US,United States of America,48,Texas,017,Bailey County,Ogallala Formation (121OGLL),WELL,UNCONFINED,0,No,0,No,TWDB GWDB,1,Yes,1,Yes,1,Background,1,Surveillance,1,Dedicated Monitoring/Observation,https://www2.twdb.texas.gov/apps/waterdatainteractive//GetReports.aspx?Num=1050602&Type=GWDB
TWDB,1057501,Texas Water Development Board,TWDB:1057501,34.068889,-102.936667,NAD83,Global Positioning System - GPS,+/- 0.5 Seconds - GPS,3922,1,Feet,NAVD88,Interpolated From Topo Map,Unknown,60,1,Feet,N100HGHPLN,High Plains aquifer,US,United States of America,48,Texas,017,Bailey County,Ogallala Formation (121OGLL),WELL,UNCONFINED,0,No,0,No,TWDB GWDB,1,Yes,1,Yes,1,Background,1,Surveillance,1,Dedicated Monitoring/Observation,https://www2.twdb.texas.gov/apps/waterdatainteractive//GetReports.aspx?Num=1057501&Type=GWDB
TWDB,1058901,Texas Water Development Board,TWDB:1058901,34.015001,-102.765001,NAD83,Interpolated From Topo Map,+/- 1 Second,3864,1,Feet,NAVD88,Interpolated From Topo Map,Unknown,134,1,Feet,N100HGHPLN,High Plains aquifer,US,United States of America,48,Texas,017,Bailey County,Ogallala Formation (121OGLL),WELL,UNCONFINED,0,No,0,No,TWDB GWDB,1,Yes,1,Yes,1,Background,1,Surveillance,1,Dedicated Monitoring/Observation,https://www2.twdb.texas.gov/apps/waterdatainteractive//GetReports.aspx?Num=1058901&Type=GWDB
TWDB,1059401,Texas Water Development Board,TWDB:1059401,34.045834,-102.746667,NAD83,Global Positioning System - GPS,+/- 0.5 Seconds - GPS,3886,1,Feet,NAVD88,Interpolated From Topo Map,Unknown,167,1,Feet,N100HGHPLN,High Plains aquifer,US,United States of America,48,Texas,017,Bailey County,Ogallala Formation (121OGLL),WELL,UNCONFINED,0,No,0,No,TWDB GWDB,1,Yes,1,Yes,1,Background,1,Surveillance,1,Dedicated Monitoring/Observation,https://www2.twdb.texas.gov/apps/waterdatainteractive//GetReports.aspx?Num=1059401&Type=GWDB
TWDB,1059402,Texas Water Development Board,TWDB:1059402,34.079167,-102.714445,NAD83,Interpolated From Topo Map,+/- 1 Second,3932,1,Feet,NAVD88,Interpolated From Topo Map,Unknown,213,1,Feet,N100HGHPLN,High Plains aquifer,US,United States of America,48,Texas,017,Bailey County,Ogallala Formation (121OGLL),WELL,UNCONFINED,0,No,0,No,TWDB GWDB,1,Yes,1,Yes,1,Background,1,Surveillance,1,Dedicated Monitoring/Observation,https://www2.twdb.texas.gov/apps/waterdatainteractive//GetReports.aspx?Num=1059402&Type=GWDB
TWDB,1059601,Texas Water Development Board,TWDB:1059601,34.062501,-102.633055,NAD83,Interpolated From Topo Map,+/- 1 Second,3875,1,Feet,NAVD88,Interpolated From Topo Map,Unknown,176,1,Feet,N100HGHPLN,High Plains aquifer,US,United States of America,48,Texas,017,Bailey County,Ogallala Formation (121OGLL),WELL,UNCONFINED,0,No,0,No,TWDB GWDB,1,Yes,1,Yes,1,Background,1,Surveillance,1,Dedicated Monitoring/Observation,https://www2.twdb.texas.gov/apps/waterdatainteractive//GetReports.aspx?Num=1059601&Type=GWDB
TWDB,1043708,Texas Water Development Board,1043708,34.256667,-102.723055,NAD83,Global Positioning System - GPS,+/- 0.5 Seconds - GPS,3806,1,Feet,NAVD88,Digital Elevation Model -DEM,3M,,1,Feet,N100HGHPLN,High Plains aquifer,US,United States of America,48,Texas,017,Bailey County,Ogallala Formation,WELL,UNCONFINED,0,No,0,No,TWDB GWDB,1,Yes,1,Yes,1,Background,1,Surveillance,2,Other,https://www3.twdb.texas.gov/apps/waterdatainteractive//GetReports.aspx?Num=1043708&Type=GWDB
TWDB,1058502,Texas Water Development Board,Baileyboro Quad,34.070555,-102.829444,NAD83,GPS,+/- 0.5 Seconds,3899,1,Feet,NAVD88,Interpolated From Topo Map,Unknown,151,1,Feet,N100HGHPLN,High Plains aquifer,US,United States of America,48,Texas,017,Bailey County,Ogallala Formation,WELL,UNCONFINED,0,No,0,No,TWDB GWDB,1,Yes,1,Yes,3,Known Changes,1,Surveillance,1,Dedicated Monitoring/Observation,http://www2.twdb.texas.gov/apps/waterdatainteractive//GetReports.aspx?Num=2461502&Type=GWDB
TWDB,1043501,Texas Water Development Board,"Carl Bamert  Grassland Farms, Inc.",34.297222,-102.689167,NAD83,GPS,+/- 1 Second,3834,1,Feet,NAVD88,Interpolated From Topo Map,Unknown,318,1,Feet,N100HGHPLN,High Plains aquifer,US,United States of America,48,Texas,017,Bailey County,Ogallala Formation,WELL,UNCONFINED,0,No,0,No,TWDB GWDB,1,Yes,1,Yes,3,Known Changes,1,Surveillance,1,Dedicated Monitoring/Observation,http://www2.twdb.texas.gov/apps/waterdatainteractive//GetReports.aspx?Num=2461502&Type=GWDB
TWDB,1042904,Texas Water Development Board,Progress Quad,34.261667,-102.763056,NAD83,GPS,+/- 1 Second,3832,1,Feet,NAVD88,Interpolated From Topo Map,Unknown,221,1,Feet,N100HGHPLN,High Plains aquifer,US,United States of America,48,Texas,017,Bailey County,Ogallala Formation,WELL,UNCONFINED,0,No,0,No,TWDB GWDB,1,Yes,1,Yes,3,Known Changes,1,Surveillance,1,Dedicated Monitoring/Observation,http://www2.twdb.texas.gov/apps/waterdatainteractive//GetReports.aspx?Num=2461502&Type=GWDB
TWDB,1051616,Texas Water Development Board,Muleshoe Quad,34.191389,-102.661389,NAD83,GPS,+/- 0.5 Seconds,3770,1,Feet,NAVD88,Interpolated From Topo Map,Unknown,206,1,Feet,N100HGHPLN,High Plains aquifer,US,United States of America,48,Texas,017,Bailey County,Ogallala Formation,WELL,UNCONFINED,0,No,0,No,TWDB GWDB,1,Yes,1,Yes,3,Known Changes,1,Surveillance,1,Dedicated Monitoring/Observation,http://www2.twdb.texas.gov/apps/waterdatainteractive//GetReports.aspx?Num=2461502&Type=GWDB
TWDB,2516303,Texas Water Development Board,2516303,33.8725,-103.005556,NAD83,Interpolated From Topo Map,+/- 1 Second,3960,1,Feet,NAVD88,Interpolated From Topo Map,Unknown,,1,Feet,N100HGHPLN,High Plains aquifer,US,United States of America,48,Texas,017,Bailey County,Ogallala Formation (Ogallala),WELL,UNCONFINED,0,No,0,No,TWDB GWDB,1,Yes,1,Yes,1,Background,1,Surveillance,1,Dedicated Monitoring/Observation,https://www3.twdb.texas.gov/apps/waterdatainteractive//GetReports.aspx?Num=2516303&Type=GWDB
TWDB,2401201,Texas Water Development Board,2401201,33.974444,-102.951112,NAD83,Interpolated From Topo Map,+/- 1 Second,4020,1,Feet,NAVD88,Interpolated From Topo Map,Unknown,,1,Feet,N100HGHPLN,High Plains aquifer,US,United States of America,48,Texas,017,Bailey County,Ogallala Formation (Ogallala),WELL,UNCONFINED,0,No,0,No,TWDB GWDB,1,Yes,1,Yes,1,Background,1,Surveillance,1,Dedicated Monitoring/Observation,https://www3.twdb.texas.gov/apps/waterdatainteractive//GetReports.aspx?Num=2401201&Type=GWDB
TWDB,964301,Texas Water Development Board,Golden Ranch Quad,34.0925,-103.021111,NAD83,GPS,+/- 0.5 Seconds,3924,1,Feet,NAVD88,Interpolated From Topo Map,Unknown,150,1,Feet,N100HGHPLN,High Plains aquifer,US,United States of America,48,Texas,017,Bailey County,Ogallala Formation,WELL,UNCONFINED,0,No,0,No,TWDB GWDB,1,Yes,1,Yes,3,Known Changes,1,Surveillance,1,Dedicated Monitoring/Observation,http://www2.twdb.texas.gov/apps/waterdatainteractive//GetReports.aspx?Num=0148902&Type=GWDB
TWDB,1051909,Texas Water Development Board,City of Lubbock Recorder,34.146666,-102.658333,NAD83,GPS,+/- 1 Second,3841,1,Feet,NAVD88,Interpolated From Topo Map,Unknown,243,1,Feet,N100HGHPLN,High Plains aquifer,US,United States of America,48,Texas,017,Bailey County,Ogallala Formation,WELL,UNCONFINED,0,No,0,No,TWDB GWDB,1,Yes,1,Yes,3,Known Changes,2,Trend,1,Dedicated Monitoring/Observation,http://www2.twdb.texas.gov/apps/waterdatainteractive//GetReports.aspx?Num=1051909&Type=GWDB
TWDB,2401601,Texas Water Development Board,2401601,33.944722,-102.909445,NAD83,Interpolated From Topo Map,+/- 1 Second,3935,1,Feet,NAVD88,Interpolated From Topo Map,Unknown,175,1,Feet,N100HGHPLN,High Plains aquifer,US,United States of America,48,Texas,017,Bailey County,Ogallala Formation (121OGLL),WELL,UNCONFINED,0,No,0,No,TWDB GWDB,1,Yes,1,Yes,1,Background,1,Surveillance,1,Dedicated Monitoring/Observation,https://www3.twdb.texas.gov/apps/waterdatainteractive//GetReports.aspx?Num=2401601&Type=GWDB
TWDB,1051425,Texas Water Development Board,1051425,34.199167,-102.739167,NAD83,Global Positioning System - GPS,+/- 0.5 Seconds - GPS,3811,1,Feet,NAVD88,Interpolated From Topo Map,Unknown,,1,Feet,N100HGHPLN,High Plains aquifer,US,United States of America,48,Texas,017,Bailey County,Ogallala Formation (Ogallala),WELL,UNCONFINED,0,No,0,No,TWDB GWDB,1,Yes,1,Yes,1,Background,1,Surveillance,2,Other,https://www3.twdb.texas.gov/apps/waterdatainteractive//GetReports.aspx?Num=1051425&Type=GWDB
TWDB,1051105,Texas Water Development Board,1051105,34.237778,-102.711667,NAD83,Interpolated From Topo Map,+/- 1 Second,3784,1,Feet,NAVD88,Interpolated From Topo Map,Unknown,,1,Feet,N100HGHPLN,High Plains aquifer,US,United States of America,48,Texas,017,Bailey County,Ogallala Formation (Ogallala),WELL,UNCONFINED,0,No,0,No,TWDB GWDB,1,Yes,1,Yes,1,Background,1,Surveillance,2,Other,https://www3.twdb.texas.gov/apps/waterdatainteractive//GetReports.aspx?Num=1051105&Type=GWDB
TWDB,1049602,Texas Water Development Board,1049602,34.2016417,-102.8823528,NAD83,Global Positioning System - GPS,+/- 0.5 Seconds - GPS,3880,1,Feet,NAVD88,Interpolated From Topo Map,Unknown,,1,Feet,N100HGHPLN,High Plains aquifer,US,United States of America,48,Texas,017,Bailey County,Ogallala Formation (Ogallala),WELL,UNCONFINED,0,No,0,No,TWDB GWDB,1,Yes,1,Yes,1,Background,1,Surveillance,2,Other,https://www3.twdb.texas.gov/apps/waterdatainteractive//GetReports.aspx?Num=1049602&Type=GWDB
TWDB,1050801,Texas Water Development Board,TWDB:1050801,34.131111,-102.796389,NAD83,Interpolated From Topo Map,+/- 1 Second,3925,1,Feet,NAVD88,Interpolated From Topo Map,Unknown,135,1,Feet,N100HGHPLN,High Plains aquifer,US,United States of America,48,Texas,017,Bailey County,Ogallala Formation (121OGLL),WELL,UNCONFINED,0,No,0,No,TWDB GWDB,1,Yes,1,Yes,1,Background,1,Surveillance,1,Dedicated Monitoring/Observation,https://www2.twdb.texas.gov/apps/waterdatainteractive//GetReports.aspx?Num=1050801&Type=GWDB
TWDB,1057901,Texas Water Development Board,1057901,34.003056,-102.895834,NAD83,Interpolated From Topo Map,+/- 1 Second,3930,1,Feet,NAVD88,Interpolated From Topo Map,Unknown,,1,Feet,N100HGHPLN,High Plains aquifer,US,United States of America,48,Texas,017,Bailey County,Ogallala Formation (Ogallala),WELL,UNCONFINED,0,No,0,No,TWDB GWDB,1,Yes,1,Yes,1,Background,1,Surveillance,1,Dedicated Monitoring/Observation,https://www3.twdb.texas.gov/apps/waterdatainteractive//GetReports.aspx?Num=1057901&Type=GWDB
TWDB,2403501,Texas Water Development Board,2403501,33.956667,-102.700556,NAD83,Interpolated From Topo Map,+/- 1 Second,3772,1,Feet,NAVD88,Interpolated From Topo Map,Unknown,,1,Feet,N100HGHPLN,High Plains aquifer,US,United States of America,48,Texas,017,Bailey County,Ogallala Formation (Ogallala),WELL,UNCONFINED,0,No,0,No,TWDB GWDB,1,Yes,1,Yes,1,Background,1,Surveillance,1,Dedicated Monitoring/Observation,https://www3.twdb.texas.gov/apps/waterdatainteractive//GetReports.aspx?Num=2403501&Type=GWDB
TWDB,1049306,Texas Water Development Board,TWDB:1049306,34.22,-102.908334,NAD83,Global Positioning System - GPS,+/- 0.5 Seconds - GPS,3890,1,Feet,NAVD88,Interpolated From Topo Map,Unknown,205,1,Feet,N100HGHPLN,High Plains aquifer,US,United States of America,48,Texas,017,Bailey County,Ogallala Formation (121OGLL),WELL,UNCONFINED,0,No,0,No,TWDB GWDB,1,Yes,1,Yes,1,Background,1,Surveillance,1,Dedicated Monitoring/Observation,https://www2.twdb.texas.gov/apps/waterdatainteractive//GetReports.aspx?Num=1049306&Type=GWDB
TWDB,1059502,Texas Water Development Board,TWDB:1059502,34.04,-102.6825,NAD83,Global Positioning System - GPS,+/- 0.5 Seconds - GPS,3900,1,Feet,NAVD88,Interpolated From Topo Map,Unknown,229,1,Feet,N100HGHPLN,High Plains aquifer,US,United States of America,48,Texas,017,Bailey County,Ogallala Formation (121OGLL),WELL,UNCONFINED,0,No,0,No,TWDB GWDB,1,Yes,1,Yes,1,Background,1,Surveillance,1,Dedicated Monitoring/Observation,https://www2.twdb.texas.gov/apps/waterdatainteractive//GetReports.aspx?Num=1059502&Type=GWDB
TWDB,1049308,Texas Water Development Board,TWDB:1049308,34.244445,-102.912778,NAD83,Interpolated From Topo Map,+/- 1 Second,3904,1,Feet,NAVD88,Interpolated From Topo Map,Unknown,245,1,Feet,N100HGHPLN,High Plains aquifer,US,United States of America,48,Texas,017,Bailey County,Ogallala Formation (121OGLL),WELL,UNCONFINED,0,No,0,No,TWDB GWDB,1,Yes,1,Yes,1,Background,1,Surveillance,1,Dedicated Monitoring/Observation,https://www2.twdb.texas.gov/apps/waterdatainteractive//GetReports.aspx?Num=1049308&Type=GWDB
TWDB,1049801,Texas Water Development Board,TWDB:1049801,34.155556,-102.954167,NAD83,Interpolated From Topo Map,+/- 1 Second,3954,1,Feet,NAVD88,Interpolated From Topo Map,Unknown,229,1,Feet,N100HGHPLN,High Plains aquifer,US,United States of America,48,Texas,017,Bailey County,Ogallala Formation (121OGLL),WELL,UNCONFINED,0,No,0,No,TWDB GWDB,1,Yes,1,Yes,1,Background,1,Surveillance,1,Dedicated Monitoring/Observation,https://www2.twdb.texas.gov/apps/waterdatainteractive//GetReports.aspx?Num=1049801&Type=GWDB
TWDB,1059107,Texas Water Development Board,TWDB:1059107,34.118055,-102.712501,NAD83,Interpolated From Topo Map,+/- 1 Second,3881,1,Feet,NAVD88,Interpolated From Topo Map,Unknown,210,1,Feet,N100HGHPLN,High Plains aquifer,US,United States of America,48,Texas,017,Bailey County,Ogallala Formation (121OGLL),WELL,UNCONFINED,0,No,0,No,TWDB GWDB,1,Yes,1,Yes,1,Background,1,Surveillance,1,Dedicated Monitoring/Observation,https://www2.twdb.texas.gov/apps/waterdatainteractive//GetReports.aspx?Num=1059107&Type=GWDB
TWDB,1059302,Texas Water Development Board,TWDB:1059302,34.100834,-102.660556,NAD83,Interpolated From Topo Map,+/- 1 Second,3873,1,Feet,NAVD88,Interpolated From Topo Map,Unknown,207,1,Feet,N100HGHPLN,High Plains aquifer,US,United States of America,48,Texas,017,Bailey County,Ogallala Formation (121OGLL),WELL,UNCONFINED,0,No,0,No,TWDB GWDB,1,Yes,1,Yes,1,Background,1,Surveillance,1,Dedicated Monitoring/Observation,https://www2.twdb.texas.gov/apps/waterdatainteractive//GetReports.aspx?Num=1059302&Type=GWDB
TWDB,1051119,Texas Water Development Board,TWDB:1051119,34.217778,-102.726944,NAD83,Interpolated From Topo Map,+/- 1 Second,3783,1,Feet,NAVD88,Interpolated From Topo Map,Unknown,216,1,Feet,N100HGHPLN,High Plains aquifer,US,United States of America,48,Texas,017,Bailey County,Ogallala Formation (121OGLL),WELL,UNCONFINED,0,No,0,No,TWDB GWDB,1,Yes,1,Yes,1,Background,1,Surveillance,1,Dedicated Monitoring/Observation,https://www2.twdb.texas.gov/apps/waterdatainteractive//GetReports.aspx?Num=1051119&Type=GWDB
TWDB,1051311,Texas Water Development Board,TWDB:1051311,34.235,-102.642222,NAD83,Interpolated From Topo Map,+/- 1 Second,3761,1,Feet,NAVD88,Interpolated From Topo Map,Unknown,247,1,Feet,N100HGHPLN,High Plains aquifer,US,United States of America,48,Texas,017,Bailey County,Ogallala Formation (121OGLL),WELL,UNCONFINED,0,No,0,No,TWDB GWDB,1,Yes,1,Yes,1,Background,1,Surveillance,1,Dedicated Monitoring/Observation,https://www2.twdb.texas.gov/apps/waterdatainteractive//GetReports.aspx?Num=1051311&Type=GWDB
TWDB,1051406,Texas Water Development Board,TWDB:1051406,34.195834,-102.709723,NAD83,Interpolated From Topo Map,+/- 1 Second,3796,1,Feet,NAVD88,Interpolated From Topo Map,Unknown,162,1,Feet,N100HGHPLN,High Plains aquifer,US,United States of America,48,Texas,017,Bailey County,Ogallala Formation (121OGLL),WELL,UNCONFINED,0,No,0,No,TWDB GWDB,1,Yes,1,Yes,1,Background,1,Surveillance,1,Dedicated Monitoring/Observation,https://www2.twdb.texas.gov/apps/waterdatainteractive//GetReports.aspx?Num=1051406&Type=GWDB
TWDB,1051703,Texas Water Development Board,TWDB:1051703,34.129167,-102.736111,NAD83,Global Positioning System - GPS,+/- 0.5 Seconds - GPS,3883,1,Feet,NAVD88,Interpolated From Topo Map,Unknown,160,1,Feet,N100HGHPLN,High Plains aquifer,US,United States of America,48,Texas,017,Bailey County,Ogallala Formation (121OGLL),WELL,UNCONFINED,0,No,0,No,TWDB GWDB,1,Yes,1,Yes,1,Background,1,Surveillance,1,Dedicated Monitoring/Observation,https://www2.twdb.texas.gov/apps/waterdatainteractive//GetReports.aspx?Num=1051703&Type=GWDB
TWDB,1051808,Texas Water Development Board,TWDB:1051808,34.164723,-102.685,NAD83,Interpolated From Topo Map,+/- 1 Second,3835,1,Feet,NAVD88,Interpolated From Topo Map,Unknown,245,1,Feet,N100HGHPLN,High Plains aquifer,US,United States of America,48,Texas,017,Bailey County,Ogallala Formation (121OGLL),WELL,UNCONFINED,0,No,0,No,TWDB GWDB,1,Yes,1,Yes,1,Background,1,Surveillance,1,Dedicated Monitoring/Observation,https://www2.twdb.texas.gov/apps/waterdatainteractive//GetReports.aspx?Num=1051808&Type=GWDB
TWDB,2410303,Texas Water Development Board,2410303,33.846111,-102.762501,NAD83,Interpolated From Topo Map,+/- 1 Second,3783,1,Feet,NAVD88,Interpolated From Topo Map,Unknown,162,1,Feet,N100HGHPLN,High Plains aquifer,US,United States of America,48,Texas,017,Bailey County,Ogallala Formation (121OGLL),WELL,UNCONFINED,0,No,0,No,TWDB GWDB,1,Yes,1,Yes,1,Background,1,Surveillance,1,Dedicated Monitoring/Observation,https://www3.twdb.texas.gov/apps/waterdatainteractive//GetReports.aspx?Num=2410303&Type=GWDB
TWDB,2410201,Texas Water Development Board,2410201,33.870278,-102.828055,NAD83,Interpolated From Topo Map,+/- 1 Second,3846,1,Feet,NAVD88,Interpolated From Topo Map,Unknown,207,1,Feet,N100HGHPLN,High Plains aquifer,US,United States of America,48,Texas,017,Bailey County,Ogallala Formation (121OGLL),WELL,UNCONFINED,0,No,0,No,TWDB GWDB,1,Yes,1,Yes,1,Background,1,Surveillance,1,Dedicated Monitoring/Observation,https://www3.twdb.texas.gov/apps/waterdatainteractive//GetReports.aspx?Num=2410201&Type=GWDB
TWDB,2410102,Texas Water Development Board,2410102,33.855834,-102.839445,NAD83,Interpolated From Topo Map,+/- 1 Second,3857,1,Feet,NAVD88,Interpolated From Topo Map,Unknown,270,1,Feet,N100HGHPLN,High Plains aquifer,US,United States of America,48,Texas,017,Bailey County,Ogallala Formation (121OGLL),WELL,UNCONFINED,0,No,0,No,TWDB GWDB,1,Yes,1,Yes,1,Background,1,Surveillance,1,Dedicated Monitoring/Observation,https://www3.twdb.texas.gov/apps/waterdatainteractive//GetReports.aspx?Num=2410102&Type=GWDB
TWDB,1057103,Texas Water Development Board,TWDB:1057103,34.091667,-102.963612,NAD83,Interpolated From Topo Map,+/- 1 Second,3940,1,Feet,NAVD88,Interpolated From Topo Map,Unknown,198,1,Feet,N100HGHPLN,High Plains aquifer,US,United States of America,48,Texas,017,Bailey County,Ogallala Formation (121OGLL),WELL,UNCONFINED,0,No,0,No,TWDB GWDB,1,Yes,1,Yes,1,Background,1,Surveillance,1,Dedicated Monitoring/Observation,https://www2.twdb.texas.gov/apps/waterdatainteractive//GetReports.aspx?Num=1057103&Type=GWDB
TWDB,1058201,Texas Water Development Board,TWDB:1058201,34.096389,-102.810556,NAD83,Interpolated From Topo Map,+/- 1 Second,3883,1,Feet,NAVD88,Interpolated From Topo Map,Unknown,103,1,Feet,N100HGHPLN,High Plains aquifer,US,United States of America,48,Texas,017,Bailey County,Ogallala Formation (121OGLL),WELL,UNCONFINED,0,No,0,No,TWDB GWDB,1,Yes,1,Yes,1,Background,1,Surveillance,1,Dedicated Monitoring/Observation,https://www2.twdb.texas.gov/apps/waterdatainteractive//GetReports.aspx?Num=1058201&Type=GWDB
TWDB,1058601,Texas Water Development Board,TWDB:1058601,34.064445,-102.779444,NAD83,Interpolated From Topo Map,+/- 1 Second,3890,1,Feet,NAVD88,Interpolated From Topo Map,Unknown,133,1,Feet,N100HGHPLN,High Plains aquifer,US,United States of America,48,Texas,017,Bailey County,Ogallala Formation (121OGLL),WELL,UNCONFINED,0,No,0,No,TWDB GWDB,1,Yes,1,Yes,1,Background,1,Surveillance,1,Dedicated Monitoring/Observation,https://www2.twdb.texas.gov/apps/waterdatainteractive//GetReports.aspx?Num=1058601&Type=GWDB
TWDB,1058701,Texas Water Development Board,TWDB:1058701,34.035,-102.874722,NAD83,Interpolated From Topo Map,+/- 1 Second,3932,1,Feet,NAVD88,Interpolated From Topo Map,Unknown,73,1,Feet,N100HGHPLN,High Plains aquifer,US,United States of America,48,Texas,017,Bailey County,Ogallala Formation (121OGLL),WELL,UNCONFINED,0,No,0,No,TWDB GWDB,1,Yes,1,Yes,1,Background,1,Surveillance,1,Dedicated Monitoring/Observation,https://www2.twdb.texas.gov/apps/waterdatainteractive//GetReports.aspx?Num=1058701&Type=GWDB
TWDB,1058801,Texas Water Development Board,TWDB:1058801,34.035556,-102.799722,NAD83,Interpolated From Topo Map,+/- 1 Second,3830,1,Feet,NAVD88,Interpolated From Topo Map,Unknown,91,1,Feet,N100HGHPLN,High Plains aquifer,US,United States of America,48,Texas,017,Bailey County,Ogallala Formation (121OGLL),WELL,UNCONFINED,0,No,0,No,TWDB GWDB,1,Yes,1,Yes,1,Background,1,Surveillance,1,Dedicated Monitoring/Observation,https://www2.twdb.texas.gov/apps/waterdatainteractive//GetReports.aspx?Num=1058801&Type=GWDB
TWDB,2401501,Texas Water Development Board,2401501,33.930555,-102.940278,NAD83,Interpolated From Topo Map,+/- 1 Second,3941,1,Feet,NAVD88,Interpolated From Topo Map,Unknown,200,1,Feet,N100HGHPLN,High Plains aquifer,US,United States of America,48,Texas,017,Bailey County,Ogallala Formation (121OGLL),WELL,UNCONFINED,0,No,0,No,TWDB GWDB,1,Yes,1,Yes,1,Background,1,Surveillance,1,Dedicated Monitoring/Observation,https://www3.twdb.texas.gov/apps/waterdatainteractive//GetReports.aspx?Num=2401501&Type=GWDB
TWDB,2403102,Texas Water Development Board,2403102,33.986667,-102.716944,NAD83,Interpolated From Topo Map,+/- 1 Second,3740,1,Feet,NAVD88,Interpolated From Topo Map,Unknown,95,1,Feet,N100HGHPLN,High Plains aquifer,US,United States of America,48,Texas,017,Bailey County,Ogallala Formation (121OGLL),WELL,UNCONFINED,0,No,0,No,TWDB GWDB,1,Yes,1,Yes,1,Background,1,Surveillance,1,Dedicated Monitoring/Observation,https://www3.twdb.texas.gov/apps/waterdatainteractive//GetReports.aspx?Num=2403102&Type=GWDB
TWDB,2402702,Texas Water Development Board,2402702,33.900834,-102.867778,NAD83,Interpolated From Topo Map,+/- 1 Second,3855,1,Feet,NAVD88,Interpolated From Topo Map,Unknown,83,1,Feet,N100HGHPLN,High Plains aquifer,US,United States of America,48,Texas,017,Bailey County,Ogallala Formation (121OGLL),WELL,UNCONFINED,0,No,0,No,TWDB GWDB,1,Yes,1,Yes,1,Background,1,Surveillance,1,Dedicated Monitoring/Observation,https://www3.twdb.texas.gov/apps/waterdatainteractive//GetReports.aspx?Num=2402702&Type=GWDB
TWDB,2402701,Texas Water Development Board,2402701,33.904167,-102.850556,NAD83,Interpolated From Topo Map,+/- 1 Second,3847,1,Feet,NAVD88,Interpolated From Topo Map,Unknown,95,1,Feet,N100HGHPLN,High Plains aquifer,US,United States of America,48,Texas,017,Bailey County,Ogallala Formation (121OGLL),WELL,UNCONFINED,0,No,0,No,TWDB GWDB,1,Yes,1,Yes,1,Background,1,Surveillance,1,Dedicated Monitoring/Observation,https://www3.twdb.texas.gov/apps/waterdatainteractive//GetReports.aspx?Num=2402701&Type=GWDB
TWDB,2402301,Texas Water Development Board,2402301,33.998056,-102.784445,NAD83,Interpolated From Topo Map,+/- 1 Second,3853,1,Feet,NAVD88,Interpolated From Topo Map,Unknown,80,1,Feet,N100HGHPLN,High Plains aquifer,US,United States of America,48,Texas,017,Bailey County,Ogallala Formation (121OGLL),WELL,UNCONFINED,0,No,0,No,TWDB GWDB,1,Yes,1,Yes,1,Background,1,Surveillance,1,Dedicated Monitoring/Observation,https://www3.twdb.texas.gov/apps/waterdatainteractive//GetReports.aspx?Num=2402301&Type=GWDB
TWDB,2411301,Texas Water Development Board,2411301,33.852778,-102.641111,NAD83,Interpolated From Topo Map,+/- 1 Second,3692,1,Feet,NAVD88,Interpolated From Topo Map,Unknown,70,1,Feet,N100HGHPLN,High Plains aquifer,US,United States of America,48,Texas,017,Bailey County,Ogallala Formation (121OGLL),WELL,UNCONFINED,0,No,0,No,TWDB GWDB,1,Yes,1,Yes,1,Background,1,Surveillance,1,Dedicated Monitoring/Observation,https://www3.twdb.texas.gov/apps/waterdatainteractive//GetReports.aspx?Num=2411301&Type=GWDB
TWDB,2410101,Texas Water Development Board,2410101,33.855278,-102.863889,NAD83,Interpolated From Topo Map,+/- 1 Second,3850,1,Feet,NAVD88,Interpolated From Topo Map,Unknown,138,1,Feet,N100HGHPLN,High Plains aquifer,US,United States of America,48,Texas,017,Bailey County,Ogallala Formation (121OGLL),WELL,UNCONFINED,0,No,0,No,TWDB GWDB,1,Yes,1,Yes,1,Background,1,Surveillance,1,Dedicated Monitoring/Observation,https://www3.twdb.texas.gov/apps/waterdatainteractive//GetReports.aspx?Num=2410101&Type=GWDB
