"AgencyCd","SiteNo","AgencyNm","SiteName","DecLatVa","DecLongVa","HorzDatum","HorzMethod","HorzAcy","AltVa","AltUnits","AltUnitsNm","AltDatumCd","AltMethod","AltAcy","WellDepth","WellDepthUnits","WellDepthUnitsNm","NatAquiferCd","NatAqfrDesc","CountryCd","CountryNm","StateCd","StateNm","CountyCd","CountyNm","LocalAquiferName","SiteType","AquiferType","QwSysName","QwSnFlag","QwSnDesc","QwBaselineFlag","QwBaselineDesc","QwWellChars","QwWellCharsDesc","QwWellType","QwWellTypeDesc","QwWellPurpose","QwWellPurposeDesc","WlSysName","WlSnFlag","WlSnDesc","WlBaselineFlag","WlBaselineDesc","WlWellChars","WlWellCharsDesc","WlWellType","WlWellTypeDesc","WlWellPurpose","WlWellPurposeDesc","Link"
"TWDB","2438203","Texas Water Development Board","TWDB:2438203","33.49","-102.303889","NAD83","Global Positioning System - GPS","+/- 0.5 Seconds - GPS","3472","1","Feet","NAVD88","Interpolated From Topo Map","Unknown","262","1","Feet","N100HGHPLN","High Plains aquifer","US","United States of America","48","Texas","219","Hockley County","Ogallala Formation (121OGLL)","WELL","UNCONFINED","TWDB GWB","0","No","0","No","1","Background","1","Surveillance","1","Dedicated Monitoring/Observation","TWDB GWDB","1","Yes","1","Yes","1","Background","1","Surveillance","1","Dedicated Monitoring/Observation","https://www2.twdb.texas.gov/apps/waterdatainteractive//GetReports.aspx?Num=2438203&Type=GWDB"
"TWDB","2440403","Texas Water Development Board","Busterville Quad","33.449722","-102.124444","NAD83","GPS","+/- 1 Second","3351","1","Feet","NAVD88","Interpolated From Topo Map","Unknown","205","1","Feet","N100HGHPLN","High Plains aquifer","US","United States of America","48","Texas","219","Hockley County","Ogallala Formation","WELL","UNCONFINED","","0","No","0","No","","","","","","","TWDB GWDB","1","Yes","1","Yes","3","Known Changes","1","Surveillance","1","Dedicated Monitoring/Observation","http://www2.twdb.texas.gov/apps/waterdatainteractive//GetReports.aspx?Num=2440403&Type=GWDB"
"TWDB","2420603","Texas Water Development Board","2420603","33.671389","-102.534167","NAD83","Interpolated From Topo Map","+/- 1 Second","3631","1","Feet","NAVD88","Interpolated From Topo Map","Unknown","280","1","Feet","N100HGHPLN","High Plains aquifer","US","United States of America","48","Texas","219","Hockley County","Ogallala Formation (121OGLL)","WELL","UNCONFINED","TWDB GWB","0","No","0","No","1","Background","1","Surveillance","1","Dedicated Monitoring/Observation","TWDB GWDB","1","Yes","1","Yes","1","Background","1","Surveillance","1","Dedicated Monitoring/Observation","https://www3.twdb.texas.gov/apps/waterdatainteractive//GetReports.aspx?Num=2420603&Type=GWDB"
"TWDB","2430306","Texas Water Development Board","2430306","33.615278","-102.281389","NAD83","Global Positioning System - GPS","+/- 0.5 Seconds - GPS","3471","1","Feet","NAVD88","Interpolated From Topo Map","Unknown","","1","Feet","N100HGHPLN","High Plains aquifer","US","United States of America","48","Texas","219","Hockley County","Ogallala Formation (Ogallala)","WELL","UNCONFINED","","0","No","0","No","","","","","","","TWDB GWDB","1","Yes","1","Yes","1","Background","1","Surveillance","2","Other","https://www3.twdb.texas.gov/apps/waterdatainteractive//GetReports.aspx?Num=2430306&Type=GWDB"
"TWDB","2429901","Texas Water Development Board","2429901","33.509723","-102.378055","NAD83","Global Positioning System - GPS","+/- 0.5 Seconds - GPS","3523","1","Feet","NAVD88","Interpolated From Topo Map","Unknown","","1","Feet","N100HGHPLN","High Plains aquifer","US","United States of America","48","Texas","219","Hockley County","Ogallala Formation (Ogallala)","WELL","UNCONFINED","","0","No","0","No","","","","","","","TWDB GWDB","1","Yes","1","Yes","1","Background","1","Surveillance","2","Other","https://www3.twdb.texas.gov/apps/waterdatainteractive//GetReports.aspx?Num=2429901&Type=GWDB"
"TWDB","2424402","Texas Water Development Board","TWDB:2424402","33.7","-102.113334","NAD83","Global Positioning System - GPS","+/- 0.5 Seconds - GPS","3374","1","Feet","NAVD88","Interpolated From Topo Map","Unknown","190","1","Feet","N100HGHPLN","High Plains aquifer","US","United States of America","48","Texas","219","Hockley County","Ogallala Formation (121OGLL)","WELL","UNCONFINED","TWDB GWB","0","No","0","No","1","Background","1","Surveillance","1","Dedicated Monitoring/Observation","TWDB GWDB","1","Yes","1","Yes","1","Background","1","Surveillance","1","Dedicated Monitoring/Observation","https://www2.twdb.texas.gov/apps/waterdatainteractive//GetReports.aspx?Num=2424402&Type=GWDB"
"TWDB","2428303","Texas Water Development Board","TWDB:2428303","33.6","-102.502778","NAD83","Global Positioning System - GPS","+/- 0.5 Seconds - GPS","3620","1","Feet","NAVD88","Interpolated From Topo Map","Unknown","210","1","Feet","N100HGHPLN","High Plains aquifer","US","United States of America","48","Texas","219","Hockley County","Ogallala Formation (121OGLL)","WELL","UNCONFINED","TWDB GWB","0","No","0","No","1","Background","1","Surveillance","1","Dedicated Monitoring/Observation","TWDB GWDB","1","Yes","1","Yes","1","Background","1","Surveillance","1","Dedicated Monitoring/Observation","https://www2.twdb.texas.gov/apps/waterdatainteractive//GetReports.aspx?Num=2428303&Type=GWDB"
"TWDB","2430409","Texas Water Development Board","TWDB:2430409","33.57","-102.358056","NAD83","Global Positioning System - GPS","+/- 0.5 Seconds - GPS","3500","1","Feet","NAVD88","Interpolated From Topo Map","Unknown","230","1","Feet","N100HGHPLN","High Plains aquifer","US","United States of America","48","Texas","219","Hockley County","Ogallala Formation (121OGLL)","WELL","UNCONFINED","TWDB GWB","0","No","0","No","1","Background","1","Surveillance","1","Dedicated Monitoring/Observation","TWDB GWDB","1","Yes","1","Yes","1","Background","1","Surveillance","1","Dedicated Monitoring/Observation","https://www2.twdb.texas.gov/apps/waterdatainteractive//GetReports.aspx?Num=2430409&Type=GWDB"
"TWDB","2430801","Texas Water Development Board","TWDB:2430801","33.52","-102.321667","NAD83","Global Positioning System - GPS","+/- 0.5 Seconds - GPS","3493","1","Feet","NAVD88","Interpolated From Topo Map","Unknown","268","1","Feet","N100HGHPLN","High Plains aquifer","US","United States of America","48","Texas","219","Hockley County","Ogallala Formation (121OGLL)","WELL","UNCONFINED","TWDB GWB","0","No","0","No","1","Background","1","Surveillance","1","Dedicated Monitoring/Observation","TWDB GWDB","1","Yes","1","Yes","1","Background","1","Surveillance","1","Dedicated Monitoring/Observation","https://www2.twdb.texas.gov/apps/waterdatainteractive//GetReports.aspx?Num=2430801&Type=GWDB"
"TWDB","2431304","Texas Water Development Board","TWDB:2431304","33.61","-102.155834","NAD83","Global Positioning System - GPS","+/- 0.5 Seconds - GPS","3391","1","Feet","NAVD88","Interpolated From Topo Map","Unknown","140","1","Feet","N100HGHPLN","High Plains aquifer","US","United States of America","48","Texas","219","Hockley County","Ogallala Formation (121OGLL)","WELL","UNCONFINED","TWDB GWB","0","No","0","No","1","Background","1","Surveillance","1","Dedicated Monitoring/Observation","TWDB GWDB","1","Yes","1","Yes","1","Background","1","Surveillance","1","Dedicated Monitoring/Observation","https://www2.twdb.texas.gov/apps/waterdatainteractive//GetReports.aspx?Num=2431304&Type=GWDB"
"TWDB","2431501","Texas Water Development Board","TWDB:2431501","33.56","-102.181667","NAD83","Global Positioning System - GPS","+/- 0.5 Seconds - GPS","3381","1","Feet","NAVD88","Interpolated From Topo Map","Unknown","140","1","Feet","N100HGHPLN","High Plains aquifer","US","United States of America","48","Texas","219","Hockley County","Ogallala Formation (121OGLL)","WELL","UNCONFINED","TWDB GWB","0","No","0","No","1","Background","1","Surveillance","1","Dedicated Monitoring/Observation","TWDB GWDB","1","Yes","1","Yes","1","Background","1","Surveillance","1","Dedicated Monitoring/Observation","https://www2.twdb.texas.gov/apps/waterdatainteractive//GetReports.aspx?Num=2431501&Type=GWDB"
"TWDB","2437101","Texas Water Development Board","TWDB:2437101","33.46","-102.475555","NAD83","Global Positioning System - GPS","+/- 0.5 Seconds - GPS","3542","1","Feet","NAVD88","Interpolated From Topo Map","Unknown","207","1","Feet","N100HGHPLN","High Plains aquifer","US","United States of America","48","Texas","219","Hockley County","Ogallala Formation (121OGLL)","WELL","UNCONFINED","TWDB GWB","0","No","0","No","1","Background","1","Surveillance","1","Dedicated Monitoring/Observation","TWDB GWDB","1","Yes","1","Yes","1","Background","1","Surveillance","1","Dedicated Monitoring/Observation","https://www2.twdb.texas.gov/apps/waterdatainteractive//GetReports.aspx?Num=2437101&Type=GWDB"
"TWDB","2437901","Texas Water Development Board","TWDB:2437901","33.4","-102.4024333","NAD83","Global Positioning System - GPS","+/- 0.5 Seconds - GPS","3486","1","Feet","NAVD88","Digital Elevation Model -DEM","3m","175","1","Feet","N100HGHPLN","High Plains aquifer","US","United States of America","48","Texas","219","Hockley County","Ogallala Formation (121OGLL)","WELL","UNCONFINED","TWDB GWB","0","No","0","No","1","Background","1","Surveillance","1","Dedicated Monitoring/Observation","TWDB GWDB","1","Yes","1","Yes","1","Background","1","Surveillance","1","Dedicated Monitoring/Observation","https://www2.twdb.texas.gov/apps/waterdatainteractive//GetReports.aspx?Num=2437901&Type=GWDB"
"TWDB","2438404","Texas Water Development Board","TWDB:2438404","33.45","-102.368055","NAD83","Global Positioning System - GPS","+/- 0.5 Seconds - GPS","3494","1","Feet","NAVD88","Interpolated From Topo Map","Unknown","197","1","Feet","N100HGHPLN","High Plains aquifer","US","United States of America","48","Texas","219","Hockley County","Ogallala Formation (121OGLL)","WELL","UNCONFINED","TWDB GWB","0","No","0","No","1","Background","1","Surveillance","1","Dedicated Monitoring/Observation","TWDB GWDB","1","Yes","1","Yes","1","Background","1","Surveillance","1","Dedicated Monitoring/Observation","https://www2.twdb.texas.gov/apps/waterdatainteractive//GetReports.aspx?Num=2438404&Type=GWDB"
"TWDB","2438801","Texas Water Development Board","TWDB:2438801","33.42","-102.310001","NAD83","Global Positioning System - GPS","+/- 0.5 Seconds - GPS","3460","1","Feet","NAVD88","Interpolated From Topo Map","Unknown","213","1","Feet","N100HGHPLN","High Plains aquifer","US","United States of America","48","Texas","219","Hockley County","Ogallala Formation (121OGLL)","WELL","UNCONFINED","TWDB GWB","0","No","0","No","1","Background","1","Surveillance","1","Dedicated Monitoring/Observation","TWDB GWDB","1","Yes","1","Yes","1","Background","1","Surveillance","1","Dedicated Monitoring/Observation","https://www2.twdb.texas.gov/apps/waterdatainteractive//GetReports.aspx?Num=2438801&Type=GWDB"
"TWDB","2440703","Texas Water Development Board","TWDB:2440703","33.41","-102.098056","NAD83","Global Positioning System - GPS","+/- 0.5 Seconds - GPS","3324","1","Feet","NAVD88","Interpolated From Topo Map","Unknown","200","1","Feet","N100HGHPLN","High Plains aquifer","US","United States of America","48","Texas","219","Hockley County","Ogallala Formation (121OGLL)","WELL","UNCONFINED","TWDB GWB","0","No","0","No","1","Background","1","Surveillance","1","Dedicated Monitoring/Observation","TWDB GWDB","1","Yes","1","Yes","1","Background","1","Surveillance","1","Dedicated Monitoring/Observation","https://www2.twdb.texas.gov/apps/waterdatainteractive//GetReports.aspx?Num=2440703&Type=GWDB"
"TWDB","2420501","Texas Water Development Board","TWDB:2420501","33.69","-102.570833","NAD83","Global Positioning System - GPS","+/- 0.5 Seconds - GPS","3654","1","Feet","NAVD88","Interpolated From Topo Map","Unknown","245","1","Feet","N100HGHPLN","High Plains aquifer","US","United States of America","48","Texas","219","Hockley County","Ogallala Formation (121OGLL)","WELL","UNCONFINED","TWDB GWB","0","No","0","No","1","Background","1","Surveillance","1","Dedicated Monitoring/Observation","TWDB GWDB","1","Yes","1","Yes","1","Background","1","Surveillance","1","Dedicated Monitoring/Observation","https://www2.twdb.texas.gov/apps/waterdatainteractive//GetReports.aspx?Num=2420501&Type=GWDB"
"TWDB","2422802","Texas Water Development Board","TWDB:2422802","33.65","-102.305556","NAD83","Global Positioning System - GPS","+/- 0.5 Seconds - GPS","3487","1","Feet","NAVD88","Interpolated From Topo Map","Unknown","163","1","Feet","N100HGHPLN","High Plains aquifer","US","United States of America","48","Texas","219","Hockley County","Ogallala Formation (121OGLL)","WELL","UNCONFINED","TWDB GWB","0","No","0","No","1","Background","1","Surveillance","1","Dedicated Monitoring/Observation","TWDB GWDB","1","Yes","1","Yes","1","Background","1","Surveillance","1","Dedicated Monitoring/Observation","https://www2.twdb.texas.gov/apps/waterdatainteractive//GetReports.aspx?Num=2422802&Type=GWDB"
"TWDB","2423102","Texas Water Development Board","TWDB:2423102","33.73","-102.222222","NAD83","Global Positioning System - GPS","+/- 0.5 Seconds - GPS","3430","1","Feet","NAVD88","Interpolated From Topo Map","Unknown","167","1","Feet","N100HGHPLN","High Plains aquifer","US","United States of America","48","Texas","219","Hockley County","Ogallala Formation (121OGLL)","WELL","UNCONFINED","TWDB GWB","0","No","0","No","1","Background","1","Surveillance","1","Dedicated Monitoring/Observation","TWDB GWDB","1","Yes","1","Yes","1","Background","1","Surveillance","1","Dedicated Monitoring/Observation","https://www2.twdb.texas.gov/apps/waterdatainteractive//GetReports.aspx?Num=2423102&Type=GWDB"
"TWDB","2423304","Texas Water Development Board","TWDB:2423304","33.72","-102.165278","NAD83","Global Positioning System - GPS","+/- 0.5 Seconds - GPS","3403","1","Feet","NAVD88","Interpolated From Topo Map","Unknown","162","1","Feet","N100HGHPLN","High Plains aquifer","US","United States of America","48","Texas","219","Hockley County","Ogallala Formation (121OGLL)","WELL","UNCONFINED","TWDB GWB","0","No","0","No","1","Background","1","Surveillance","1","Dedicated Monitoring/Observation","TWDB GWDB","1","Yes","1","Yes","1","Background","1","Surveillance","1","Dedicated Monitoring/Observation","https://www2.twdb.texas.gov/apps/waterdatainteractive//GetReports.aspx?Num=2423304&Type=GWDB"
"TWDB","2423305","Texas Water Development Board","TWDB:2423305","33.73","-102.1375","NAD83","Global Positioning System - GPS","+/- 0.5 Seconds - GPS","3401","1","Feet","NAVD88","Interpolated From Topo Map","Unknown","200","1","Feet","N100HGHPLN","High Plains aquifer","US","United States of America","48","Texas","219","Hockley County","Ogallala Formation (121OGLL)","WELL","UNCONFINED","TWDB GWB","0","No","0","No","1","Background","1","Surveillance","1","Dedicated Monitoring/Observation","TWDB GWDB","1","Yes","1","Yes","1","Background","1","Surveillance","1","Dedicated Monitoring/Observation","https://www2.twdb.texas.gov/apps/waterdatainteractive//GetReports.aspx?Num=2423305&Type=GWDB"
"TWDB","2428601","Texas Water Development Board","TWDB:2428601","33.57","-102.511667","NAD83","Global Positioning System - GPS","+/- 0.5 Seconds - GPS","3611","1","Feet","NAVD88","Interpolated From Topo Map","Unknown","231","1","Feet","N100HGHPLN","High Plains aquifer","US","United States of America","48","Texas","219","Hockley County","Ogallala Formation (121OGLL)","WELL","UNCONFINED","TWDB GWB","0","No","0","No","1","Background","1","Surveillance","1","Dedicated Monitoring/Observation","TWDB GWDB","1","Yes","1","Yes","1","Background","1","Surveillance","1","Dedicated Monitoring/Observation","https://www2.twdb.texas.gov/apps/waterdatainteractive//GetReports.aspx?Num=2428601&Type=GWDB"
"TWDB","2429401","Texas Water Development Board","TWDB:2429401","33.54","-102.470278","NAD83","Global Positioning System - GPS","+/- 0.5 Seconds - GPS","3571","1","Feet","NAVD88","Interpolated From Topo Map","Unknown","212","1","Feet","N100HGHPLN","High Plains aquifer","US","United States of America","48","Texas","219","Hockley County","Ogallala Formation (121OGLL)","WELL","UNCONFINED","TWDB GWB","0","No","0","No","1","Background","1","Surveillance","1","Dedicated Monitoring/Observation","TWDB GWDB","1","Yes","1","Yes","1","Background","1","Surveillance","1","Dedicated Monitoring/Observation","https://www2.twdb.texas.gov/apps/waterdatainteractive//GetReports.aspx?Num=2429401&Type=GWDB"
"TWDB","2429802","Texas Water Development Board","TWDB:2429802","33.53","-102.428055","NAD83","Global Positioning System - GPS","+/- 0.5 Seconds - GPS","3532","1","Feet","NAVD88","Interpolated From Topo Map","Unknown","212","1","Feet","N100HGHPLN","High Plains aquifer","US","United States of America","48","Texas","219","Hockley County","Ogallala Formation (121OGLL)","WELL","UNCONFINED","TWDB GWB","0","No","0","No","1","Background","1","Surveillance","1","Dedicated Monitoring/Observation","TWDB GWDB","1","Yes","1","Yes","1","Background","1","Surveillance","1","Dedicated Monitoring/Observation","https://www2.twdb.texas.gov/apps/waterdatainteractive//GetReports.aspx?Num=2429802&Type=GWDB"
"TWDB","2421402","Texas Water Development Board","2421402","33.703334","-102.488889","NAD83","Interpolated From Topo Map","+/- 1 Second","3606","1","Feet","NAVD88","Interpolated From Topo Map","Unknown","","1","Feet","N100HGHPLN","High Plains aquifer","US","United States of America","48","Texas","219","Hockley County","Ogallala Formation (Ogallala)","WELL","UNCONFINED","","0","No","0","No","","","","","","","TWDB GWDB","1","Yes","1","Yes","1","Background","1","Surveillance","1","Dedicated Monitoring/Observation","https://www3.twdb.texas.gov/apps/waterdatainteractive//GetReports.aspx?Num=2421402&Type=GWDB"
"TWDB","2414502","Texas Water Development Board","2414502","33.793611","-102.3325","NAD83","Interpolated From Topo Map","+/- 1 Second","3461","1","Feet","NAVD88","Interpolated From Topo Map","Unknown","","1","Feet","N100HGHPLN","High Plains aquifer","US","United States of America","48","Texas","219","Hockley County","Ogallala Formation (Ogallala)","WELL","UNCONFINED","","0","No","0","No","","","","","","","TWDB GWDB","1","Yes","1","Yes","1","Background","1","Surveillance","2","Other","https://www3.twdb.texas.gov/apps/waterdatainteractive//GetReports.aspx?Num=2414502&Type=GWDB"
"TWDB","2413902","Texas Water Development Board","2413902","33.775278","-102.409167","NAD83","Global Positioning System - GPS","+/- 0.5 Seconds - GPS","3483","1","Feet","NAVD88","Interpolated From Topo Map","Unknown","","1","Feet","N100HGHPLN","High Plains aquifer","US","United States of America","48","Texas","219","Hockley County","Ogallala Formation (Ogallala)","WELL","UNCONFINED","","0","No","0","No","","","","","","","TWDB GWDB","1","Yes","1","Yes","1","Background","1","Surveillance","2","Other","https://www3.twdb.texas.gov/apps/waterdatainteractive//GetReports.aspx?Num=2413902&Type=GWDB"
"TWDB","2415504","Texas Water Development Board","2415504","33.799722","-102.172778","NAD83","Interpolated From Topo Map","+/- 1 Second","3386","1","Feet","NAVD88","Interpolated From Topo Map","Unknown","100","1","Feet","N100HGHPLN","High Plains aquifer","US","United States of America","48","Texas","219","Hockley County","Ogallala Formation (121OGLL)","WELL","UNCONFINED","TWDB GWB","0","No","0","No","1","Background","1","Surveillance","1","Dedicated Monitoring/Observation","TWDB GWDB","1","Yes","1","Yes","1","Background","1","Surveillance","1","Dedicated Monitoring/Observation","https://www3.twdb.texas.gov/apps/waterdatainteractive//GetReports.aspx?Num=2415504&Type=GWDB"
"TWDB","2414601","Texas Water Development Board","2414601","33.791945","-102.264167","NAD83","Interpolated From Topo Map","+/- 1 Second","3470","1","Feet","NAVD88","Interpolated From Topo Map","Unknown","181","1","Feet","N100HGHPLN","High Plains aquifer","US","United States of America","48","Texas","219","Hockley County","Ogallala Formation (121OGLL)","WELL","UNCONFINED","TWDB GWB","0","No","0","No","1","Background","1","Surveillance","1","Dedicated Monitoring/Observation","TWDB GWDB","1","Yes","1","Yes","1","Background","1","Surveillance","1","Dedicated Monitoring/Observation","https://www3.twdb.texas.gov/apps/waterdatainteractive//GetReports.aspx?Num=2414601&Type=GWDB"
"TWDB","2416706","Texas Water Development Board","2416706","33.784445","-102.121111","NAD83","Interpolated From Topo Map","+/- 1 Second","3361","1","Feet","NAVD88","Interpolated From Topo Map","Unknown","112","1","Feet","N100HGHPLN","High Plains aquifer","US","United States of America","48","Texas","219","Hockley County","Ogallala Formation (121OGLL)","WELL","UNCONFINED","TWDB GWB","0","No","0","No","1","Background","1","Surveillance","1","Dedicated Monitoring/Observation","TWDB GWDB","1","Yes","1","Yes","1","Background","1","Surveillance","1","Dedicated Monitoring/Observation","https://www3.twdb.texas.gov/apps/waterdatainteractive//GetReports.aspx?Num=2416706&Type=GWDB"
"TWDB","2429603","Texas Water Development Board","2429603","33.550834","-102.401389","NAD83","Interpolated From Topo Map","+/- 1 Second","3514","1","Feet","NAVD88","Interpolated From Topo Map","Unknown","173","1","Feet","N100HGHPLN","High Plains aquifer","US","United States of America","48","Texas","219","Hockley County","Ogallala Formation (121OGLL)","WELL","UNCONFINED","TWDB GWB","0","No","0","No","1","Background","1","Surveillance","1","Dedicated Monitoring/Observation","TWDB GWDB","1","Yes","1","Yes","1","Background","1","Surveillance","1","Dedicated Monitoring/Observation","https://www3.twdb.texas.gov/apps/waterdatainteractive//GetReports.aspx?Num=2429603&Type=GWDB"
"TWDB","2422201","Texas Water Development Board","Whitharral Quad","33.738056","-102.322222","NAD83","GPS","+/- 1 Second","3476","1","Feet","NAVD88","Interpolated From Topo Map","Unknown","116","1","Feet","N100HGHPLN","High Plains aquifer","US","United States of America","48","Texas","219","Hockley County","Ogallala Formation","WELL","UNCONFINED","","0","No","0","No","","","","","","","TWDB GWDB","1","Yes","1","Yes","3","Known Changes","1","Surveillance","1","Dedicated Monitoring/Observation","http://www2.twdb.texas.gov/apps/waterdatainteractive//GetReports.aspx?Num=2422201&Type=GWDB"
"TWDB","2421301","Texas Water Development Board","Hester Ranch Quad","33.717222","-102.383334","NAD83","GPS","+/- 0.5 Seconds","3517","1","Feet","NAVD88","Interpolated From Topo Map","Unknown","140","1","Feet","N100HGHPLN","High Plains aquifer","US","United States of America","48","Texas","219","Hockley County","Ogallala Formation","WELL","UNCONFINED","","0","No","0","No","","","","","","","TWDB GWDB","1","Yes","1","Yes","3","Known Changes","1","Surveillance","1","Dedicated Monitoring/Observation","http://www2.twdb.texas.gov/apps/waterdatainteractive//GetReports.aspx?Num=2421301&Type=GWDB"
"TWDB","2420202","Texas Water Development Board","Pettit Quad","33.725","-102.541945","NAD83","GPS","+/- 1 Second","3641","1","Feet","NAVD88","Interpolated From Topo Map","Unknown","207","1","Feet","N100HGHPLN","High Plains aquifer","US","United States of America","48","Texas","219","Hockley County","Ogallala Formation","WELL","UNCONFINED","","0","No","0","No","","","","","","","TWDB GWDB","1","Yes","1","Yes","3","Known Changes","1","Surveillance","1","Dedicated Monitoring/Observation","http://www2.twdb.texas.gov/apps/waterdatainteractive//GetReports.aspx?Num=2420202&Type=GWDB"
"TWDB","2437308","Texas Water Development Board","Sundown Quad","33.478055","-102.392778","NAD83","GPS","+/- 1 Second","3507","1","Feet","NAVD88","Interpolated From Topo Map","Unknown","203","1","Feet","N100HGHPLN","High Plains aquifer","US","United States of America","48","Texas","219","Hockley County","Ogallala Formation","WELL","UNCONFINED","","0","No","0","No","","","","","","","TWDB GWDB","1","Yes","1","Yes","3","Known Changes","1","Surveillance","1","Dedicated Monitoring/Observation","http://www2.twdb.texas.gov/apps/waterdatainteractive//GetReports.aspx?Num=2437308&Type=GWDB"
"TWDB","2415901","Texas Water Development Board","C. & R. Synatschk Farm","33.791667","-102.155001","NAD83","GPS","+/- 1 Second","3368","1","Feet","NAVD88","Interpolated From Topo Map","Unknown","85","1","Feet","N100HGHPLN","High Plains aquifer","US","United States of America","48","Texas","219","Hockley County","Ogallala Formation","WELL","UNCONFINED","","0","No","0","No","","","","","","","TWDB GWDB","1","Yes","1","Yes","3","Known Changes","1","Surveillance","1","Dedicated Monitoring/Observation","http://www2.twdb.texas.gov/apps/waterdatainteractive//GetReports.aspx?Num=2415901&Type=GWDB"
"TWDB","2415802","Texas Water Development Board","2415802","33.7524528","-102.1737917","NAD83","Global Positioning System - GPS","+/- 0.5 Seconds - GPS","3451","1","Feet","NAVD88","Interpolated From Topo Map","Unknown","","1","Feet","N100HGHPLN","High Plains aquifer","US","United States of America","48","Texas","219","Hockley County","Ogallala Formation (Ogallala)","WELL","UNCONFINED","","0","No","0","No","","","","","","","TWDB GWDB","1","Yes","1","Yes","1","Background","1","Surveillance","2","Other","https://www3.twdb.texas.gov/apps/waterdatainteractive//GetReports.aspx?Num=2415802&Type=GWDB"
"TWDB","2431402","Texas Water Development Board","2431402","33.549722","-102.241389","NAD83","Global Positioning System - GPS","+/- 0.5 Seconds - GPS","3448","1","Feet","NAVD88","Interpolated From Topo Map","Unknown","","1","Feet","N100HGHPLN","High Plains aquifer","US","United States of America","48","Texas","219","Hockley County","Ogallala Formation (Ogallala)","WELL","UNCONFINED","","0","No","0","No","","","","","","","TWDB GWDB","1","Yes","1","Yes","1","Background","1","Surveillance","2","Other","https://www3.twdb.texas.gov/apps/waterdatainteractive//GetReports.aspx?Num=2431402&Type=GWDB"
"TWDB","2428801","Texas Water Development Board","2428801","33.5204833","-102.5666","NAD83","Global Positioning System - GPS","+/- 0.5 Seconds - GPS","3629","1","Feet","NAVD88","Digital Elevation Model -DEM","3M","","1","Feet","N100HGHPLN","High Plains aquifer","US","United States of America","48","Texas","219","Hockley County","Ogallala Formation (Ogallala)","WELL","UNCONFINED","","0","No","0","No","","","","","","","TWDB GWDB","1","Yes","1","Yes","1","Background","1","Surveillance","2","Other","https://www3.twdb.texas.gov/apps/waterdatainteractive//GetReports.aspx?Num=2428801&Type=GWDB"
"TWDB","2437502","Texas Water Development Board","2437502","33.46","-102.420278","NAD83","Global Positioning System - GPS","+/- 0.5 Seconds - GPS","3518.00","1","Feet","NAVD88","Interpolated From Topo Map","Unknown","196","1","Feet","N100HGHPLN","High Plains aquifer","US","United States of America","48","Texas","219","Hockley County","Ogallala Formation (121OGLL)","WELL","UNCONFINED","","0","No","0","No","","","","","","","TWDB GWDB","1","Yes","1","Yes","1","Background","1","Surveillance","1","Dedicated Monitoring/Observation","https://www3.twdb.texas.gov/apps/waterdatainteractive//GetReports.aspx?Num=2437502&Type=GWDB"
"TWDB","2421702","Texas Water Development Board","2421702","33.654445","-102.488056","NAD83","Interpolated From Topo Map","+/- 1 Second","3597","1","Feet","NAVD88","Interpolated From Topo Map","Unknown","255","1","Feet","N100HGHPLN","High Plains aquifer","US","United States of America","48","Texas","219","Hockley County","Ogallala Formation (121OGLL)","WELL","UNCONFINED","","0","No","0","No","","","","","","","TWDB GWDB","1","Yes","1","Yes","1","Background","1","Surveillance","1","Dedicated Monitoring/Observation","https://www3.twdb.texas.gov/apps/waterdatainteractive//GetReports.aspx?Num=2421702&Type=GWDB"
"TWDB","2438502","Texas Water Development Board","2438502","33.450834","-102.304445","NAD83","Global Positioning System - GPS","+/- 0.5 Seconds - GPS","3467","1","Feet","NAVD88","Digital Elevation Model -DEM","3M","","1","Feet","N100HGHPLN","High Plains aquifer","US","United States of America","48","Texas","219","Hockley County","Ogallala Formation (Ogallala)","WELL","UNCONFINED","","0","No","0","No","","","","","","","TWDB GWDB","1","Yes","1","Yes","1","Background","1","Surveillance","2","Other","https://www3.twdb.texas.gov/apps/waterdatainteractive//GetReports.aspx?Num=2438502&Type=GWDB"
"TWDB","2414903","Texas Water Development Board","2414903","33.77","-102.281389","NAD83","Global Positioning System - GPS","+/- 0.5 Seconds - GPS","3450.00","1","Feet","NAVD88","Interpolated From Topo Map","Unknown","145","1","Feet","N100HGHPLN","High Plains aquifer","US","United States of America","48","Texas","219","Hockley County","Ogallala Formation (121OGLL)","WELL","UNCONFINED","","0","No","0","No","","","","","","","TWDB GWDB","1","Yes","1","Yes","1","Background","1","Surveillance","1","Dedicated Monitoring/Observation","https://www3.twdb.texas.gov/apps/waterdatainteractive//GetReports.aspx?Num=2414903&Type=GWDB"
"TWDB","2420901","Texas Water Development Board","2420901","33.637222","-102.531389","NAD83","Interpolated From Topo Map","+/- 1 Second","3617","1","Feet","NAVD88","Interpolated From Topo Map","Unknown","","1","Feet","N100HGHPLN","High Plains aquifer","US","United States of America","48","Texas","219","Hockley County","Ogallala Formation (Ogallala)","WELL","UNCONFINED","","0","No","0","No","","","","","","","TWDB GWDB","1","Yes","1","Yes","1","Background","1","Surveillance","2","Other","https://www3.twdb.texas.gov/apps/waterdatainteractive//GetReports.aspx?Num=2420901&Type=GWDB"
"TWDB","2420102","Texas Water Development Board","2420102","33.733334","-102.607778","NAD83","Interpolated From Topo Map","+/- 1 Second","3676","1","Feet","NAVD88","Interpolated From Topo Map","Unknown","","1","Feet","N100HGHPLN","High Plains aquifer","US","United States of America","48","Texas","219","Hockley County","Ogallala Formation (Ogallala)","WELL","UNCONFINED","","0","No","0","No","","","","","","","TWDB GWDB","1","Yes","1","Yes","1","Background","1","Surveillance","2","Other","https://www3.twdb.texas.gov/apps/waterdatainteractive//GetReports.aspx?Num=2420102&Type=GWDB"
"TWDB","2431101","Texas Water Development Board","Shakespeare","33.607223","-102.236945","NAD83","GPS","+/- 0.5 Seconds","3427","1","Feet","NAVD88","Interpolated From Topo Map","Unknown","132","1","Feet","N100HGHPLN","High Plains aquifer","US","United States of America","48","Texas","219","Hockley County","Ogallala Formation","WELL","UNCONFINED","","0","No","0","No","","","","","","","TWDB GWDB","1","Yes","1","Yes","3","Known Changes","1","Surveillance","1","Dedicated Monitoring/Observation","http://www2.twdb.texas.gov/apps/waterdatainteractive//GetReports.aspx?Num=2431101&Type=GWDB"
"TWDB","2428501","Texas Water Development Board","Whiteface Quad","33.560278","-102.565834","NAD83","GPS","+/- 0.5 Seconds","3622","1","Feet","NAVD88","Interpolated From Topo Map","Unknown","244","1","Feet","N100HGHPLN","High Plains aquifer","US","United States of America","48","Texas","219","Hockley County","Ogallala Formation","WELL","UNCONFINED","","0","No","0","No","","","","","","","TWDB GWDB","1","Yes","1","Yes","3","Known Changes","1","Surveillance","1","Dedicated Monitoring/Observation","http://www2.twdb.texas.gov/apps/waterdatainteractive//GetReports.aspx?Num=2428501&Type=GWDB"
"TWDB","2437903","Texas Water Development Board","2437903","33.401112","-102.389722","NAD83","Global Positioning System - GPS","+/- 0.5 Seconds - GPS","3466","1","Feet","NAVD88","Interpolated From Topo Map","Unknown","","1","Feet","N100HGHPLN","High Plains aquifer","US","United States of America","48","Texas","219","Hockley County","Ogallala Formation (Ogallala)","WELL","UNCONFINED","","0","No","0","No","","","","","","","TWDB GWDB","1","Yes","1","Yes","1","Background","1","Surveillance","2","Other","https://www3.twdb.texas.gov/apps/waterdatainteractive//GetReports.aspx?Num=2437903&Type=GWDB"
"TWDB","2436501","Texas Water Development Board","2436501","33.4174278","-102.5702389","NAD83","Global Positioning System - GPS","+/- 0.5 Seconds - GPS","3574","1","Feet","NAVD88","Digital Elevation Model -DEM","3M","","1","Feet","N100HGHPLN","High Plains aquifer","US","United States of America","48","Texas","219","Hockley County","Ogallala Formation (Ogallala)","WELL","UNCONFINED","","0","No","0","No","","","","","","","TWDB GWDB","1","Yes","1","Yes","1","Background","1","Surveillance","2","Other","https://www3.twdb.texas.gov/apps/waterdatainteractive//GetReports.aspx?Num=2436501&Type=GWDB"
"TWDB","2436103","Texas Water Development Board","2436103","33.4933333","-102.5869444","NAD83","Global Positioning System - GPS","+/- 0.5 Seconds - GPS","3630","1","Feet","NAVD88","Digital Elevation Model -DEM","3M","","1","Feet","N100HGHPLN","High Plains aquifer","US","United States of America","48","Texas","219","Hockley County","Ogallala Formation (Ogallala)","WELL","UNCONFINED","","0","No","0","No","","","","","","","TWDB GWDB","1","Yes","1","Yes","1","Background","1","Surveillance","2","Other","https://www3.twdb.texas.gov/apps/waterdatainteractive//GetReports.aspx?Num=2436103&Type=GWDB"
"TWDB","2430901","Texas Water Development Board","2430901","33.523333","-102.267778","NAD83","Interpolated From Topo Map","+/- 1 Second","3456","1","Feet","NAVD88","Interpolated From Topo Map","Unknown","210","1","Feet","N100HGHPLN","High Plains aquifer","US","United States of America","48","Texas","219","Hockley County","Ogallala Formation (121OGLL)","WELL","UNCONFINED","TWDB GWB","0","No","0","No","1","Background","1","Surveillance","1","Dedicated Monitoring/Observation","TWDB GWDB","1","Yes","1","Yes","1","Background","1","Surveillance","1","Dedicated Monitoring/Observation","https://www3.twdb.texas.gov/apps/waterdatainteractive//GetReports.aspx?Num=2430901&Type=GWDB"
"TWDB","2439502","Texas Water Development Board","2439502","33.441111","-102.189167","NAD83","Interpolated From Topo Map","+/- 1 Second","3387","1","Feet","NAVD88","Interpolated From Topo Map","Unknown","","1","Feet","N100HGHPLN","High Plains aquifer","US","United States of America","48","Texas","219","Hockley County","Ogallala Formation (Ogallala)","WELL","UNCONFINED","","0","No","0","No","","","","","","","TWDB GWDB","1","Yes","1","Yes","1","Background","1","Surveillance","2","Other","https://www3.twdb.texas.gov/apps/waterdatainteractive//GetReports.aspx?Num=2439502&Type=GWDB"
"TWDB","2420701","Texas Water Development Board","2420701","33.647778","-102.588056","NAD83","Interpolated From Topo Map","+/- 1 Second","3676","1","Feet","NAVD88","Interpolated From Topo Map","Unknown","200","1","Feet","N100HGHPLN","High Plains aquifer","US","United States of America","48","Texas","219","Hockley County","Ogallala Formation (121OGLL)","WELL","UNCONFINED","TWDB GWB","0","No","0","No","1","Background","1","Surveillance","1","Dedicated Monitoring/Observation","TWDB GWDB","1","Yes","1","Yes","1","Background","1","Surveillance","1","Dedicated Monitoring/Observation","https://www3.twdb.texas.gov/apps/waterdatainteractive//GetReports.aspx?Num=2420701&Type=GWDB"
"TWDB","2438701","Texas Water Development Board","2438701","33.4055278","-102.3649778","NAD83","Global Positioning System - GPS","+/- 0.5 Seconds - GPS","3477","1","Feet","NAVD88","Digital Elevation Model -DEM","3M","","1","Feet","N100HGHPLN","High Plains aquifer","US","United States of America","48","Texas","219","Hockley County","Ogallala Formation (Ogallala)","WELL","UNCONFINED","","0","No","0","No","","","","","","","TWDB GWDB","1","Yes","1","Yes","1","Background","1","Surveillance","2","Other","https://www3.twdb.texas.gov/apps/waterdatainteractive//GetReports.aspx?Num=2438701&Type=GWDB"
"TWDB","2438603","Texas Water Development Board","2438603","33.455556","-102.254167","NAD83","Interpolated From Topo Map","+/- 1 Second","3421","1","Feet","NAVD88","Interpolated From Topo Map","Unknown","","1","Feet","N100HGHPLN","High Plains aquifer","US","United States of America","48","Texas","219","Hockley County","Ogallala Formation (Ogallala)","WELL","UNCONFINED","","0","No","0","No","","","","","","","TWDB GWDB","1","Yes","1","Yes","1","Background","1","Surveillance","2","Other","https://www3.twdb.texas.gov/apps/waterdatainteractive//GetReports.aspx?Num=2438603&Type=GWDB"
"TWDB","2414701","Texas Water Development Board","Lums Chapel Quad (SW)","33.762501","-102.364445","NAD83","GPS","+/- 1 Second","3481","1","Feet","NAVD88","Interpolated From Topo Map","Unknown","103","1","Feet","N100HGHPLN","High Plains aquifer","US","United States of America","48","Texas","219","Hockley County","Ogallala Formation","WELL","UNCONFINED","","0","No","0","No","","","","","","","TWDB GWDB","1","Yes","1","Yes","3","Known Changes","1","Surveillance","1","Dedicated Monitoring/Observation","http://www2.twdb.texas.gov/apps/waterdatainteractive//GetReports.aspx?Num=2414701&Type=GWDB"
"TWDB","2439702","Texas Water Development Board","Ropewville Quad","33.403334","-102.2325","NAD83","GPS","+/- 1 Second","3377","1","Feet","NAVD88","Interpolated From Topo Map","Unknown","176","1","Feet","N100HGHPLN","High Plains aquifer","US","United States of America","48","Texas","219","Hockley County","Ogallala Formation","WELL","UNCONFINED","","0","No","0","No","","","","","","","TWDB GWDB","1","Yes","1","Yes","3","Known Changes","1","Surveillance","1","Dedicated Monitoring/Observation","http://www2.twdb.texas.gov/apps/waterdatainteractive//GetReports.aspx?Num=2439702&Type=GWDB"
"TWDB","2429308","Texas Water Development Board","Levelland West Quad","33.602223","-102.403889","NAD83","GPS","+/- 1 Second","3541","1","Feet","NAVD88","Interpolated From Topo Map","Unknown","207","1","Feet","N100HGHPLN","High Plains aquifer","US","United States of America","48","Texas","219","Hockley County","Ogallala Formation","WELL","UNCONFINED","","0","No","0","No","","","","","","","TWDB GWDB","1","Yes","1","Yes","3","Known Changes","1","Surveillance","1","Dedicated Monitoring/Observation","http://www2.twdb.texas.gov/apps/waterdatainteractive//GetReports.aspx?Num=2429308&Type=GWDB"
"TWDB","2414501","Texas Water Development Board","Lums Chapel Quad","33.816112","-102.308056","NAD83","GPS","+/- 1 Second","3482","1","Feet","NAVD88","Interpolated From Topo Map","Unknown","143","1","Feet","N100HGHPLN","High Plains aquifer","US","United States of America","48","Texas","219","Hockley County","Ogallala Formation","WELL","UNCONFINED","","0","No","0","No","","","","","","","TWDB GWDB","1","Yes","1","Yes","3","Known Changes","1","Surveillance","1","Dedicated Monitoring/Observation","http://www2.twdb.texas.gov/apps/waterdatainteractive//GetReports.aspx?Num=2414501&Type=GWDB"
"TWDB","2415701","Texas Water Development Board","Brazil Farms","33.778055","-102.212778","NAD83","GPS","+/- 1 Second","3401","1","Feet","NAVD88","Interpolated From Topo Map","Unknown","156","1","Feet","N100HGHPLN","High Plains aquifer","US","United States of America","48","Texas","219","Hockley County","Ogallala Formation","WELL","UNCONFINED","","0","No","0","No","","","","","","","TWDB GWDB","1","Yes","1","Yes","3","Known Changes","1","Surveillance","1","Dedicated Monitoring/Observation","http://www2.twdb.texas.gov/apps/waterdatainteractive//GetReports.aspx?Num=2415701&Type=GWDB"
"TWDB","2439901","Texas Water Development Board","2439901","33.408889","-102.155556","NAD83","Global Positioning System - GPS","+/- 0.5 Seconds - GPS","3352","1","Feet","NAVD88","Interpolated From Topo Map","Unknown","0","1","Feet","N100HGHPLN","High Plains aquifer","US","United States of America","48","Texas","219","Hockley County","Ogallala Formation (Ogallala)","WELL","UNCONFINED","","0","No","0","No","","","","","","","TWDB GWDB","1","Yes","1","Yes","1","Background","1","Surveillance","2","Other","https://www3.twdb.texas.gov/apps/waterdatainteractive//GetReports.aspx?Num=2439901&Type=GWDB"
"TWDB","2421401","Texas Water Development Board","2421401","33.693611","-102.459445","NAD83","Interpolated From Topo Map","+/- 1 Second","3599","1","Feet","NAVD88","Interpolated From Topo Map","Unknown","","1","Feet","N100HGHPLN","High Plains aquifer","US","United States of America","48","Texas","219","Hockley County","Ogallala Formation (Ogallala)","WELL","UNCONFINED","","0","No","0","No","","","","","","","TWDB GWDB","1","Yes","1","Yes","1","Background","1","Surveillance","2","Other","https://www3.twdb.texas.gov/apps/waterdatainteractive//GetReports.aspx?Num=2421401&Type=GWDB"
"TWDB","2416708","Texas Water Development Board","2416708","33.777222","-102.086667","NAD83","Global Positioning System - GPS","+/- 0.5 Seconds - GPS","3361","1","Feet","NAVD88","Interpolated From Topo Map","Unknown","","1","Feet","N100HGHPLN","High Plains aquifer","US","United States of America","48","Texas","219","Hockley County","Ogallala Formation (Ogallala)","WELL","UNCONFINED","","0","No","0","No","","","","","","","TWDB GWDB","1","Yes","1","Yes","1","Background","1","Surveillance","2","Other","https://www3.twdb.texas.gov/apps/waterdatainteractive//GetReports.aspx?Num=2416708&Type=GWDB"
"TWDB","2416707","Texas Water Development Board","2416707","33.757501","-102.104445","NAD83","Interpolated From Topo Map","+/- 1 Second","3357","1","Feet","NAVD88","Interpolated From Topo Map","Unknown","","1","Feet","N100HGHPLN","High Plains aquifer","US","United States of America","48","Texas","219","Hockley County","Ogallala Formation (Ogallala)","WELL","UNCONFINED","","0","No","0","No","","","","","","","TWDB GWDB","1","Yes","1","Yes","1","Background","1","Surveillance","1","Dedicated Monitoring/Observation","https://www3.twdb.texas.gov/apps/waterdatainteractive//GetReports.aspx?Num=2416707&Type=GWDB"
"TWDB","2440102","Texas Water Development Board","2440102","33.460834","-102.091389","NAD83","Global Positioning System - GPS","+/- 0.5 Seconds - GPS","3338","1","Feet","NAVD88","Interpolated From Topo Map","Unknown","","1","Feet","N100HGHPLN","High Plains aquifer","US","United States of America","48","Texas","219","Hockley County","Ogallala Formation (Ogallala)","WELL","UNCONFINED","","0","No","0","No","","","","","","","TWDB GWDB","1","Yes","1","Yes","1","Background","1","Surveillance","2","Other","https://www3.twdb.texas.gov/apps/waterdatainteractive//GetReports.aspx?Num=2440102&Type=GWDB"
"TWDB","2415507","Texas Water Development Board","2415507","33.815278","-102.204723","NAD83","Interpolated From Topo Map","+/- 1 Second","3401","1","Feet","NAVD88","Interpolated From Topo Map","Unknown","115","1","Feet","N100HGHPLN","High Plains aquifer","US","United States of America","48","Texas","219","Hockley County","Ogallala Formation (121OGLL)","WELL","UNCONFINED","TWDB GWB","0","No","0","No","1","Background","1","Surveillance","1","Dedicated Monitoring/Observation","TWDB GWDB","1","Yes","1","Yes","1","Background","1","Surveillance","1","Dedicated Monitoring/Observation","https://www3.twdb.texas.gov/apps/waterdatainteractive//GetReports.aspx?Num=2415507&Type=GWDB"
"TWDB","2420201","Texas Water Development Board","2420201","33.741111","-102.556112","NAD83","Interpolated From Topo Map","+/- 1 Second","3647","1","Feet","NAVD88","Interpolated From Topo Map","Unknown","230","1","Feet","N100HGHPLN","High Plains aquifer","US","United States of America","48","Texas","219","Hockley County","Ogallala Formation (121OGLL)","WELL","UNCONFINED","TWDB GWB","0","No","0","No","1","Background","1","Surveillance","1","Dedicated Monitoring/Observation","TWDB GWDB","1","Yes","1","Yes","1","Background","1","Surveillance","1","Dedicated Monitoring/Observation","https://www3.twdb.texas.gov/apps/waterdatainteractive//GetReports.aspx?Num=2420201&Type=GWDB"
"TWDB","2416405","Texas Water Development Board","2416405","33.805278","-102.088334","NAD83","Interpolated From Topo Map","+/- 1 Second","3396","1","Feet","NAVD88","Interpolated From Topo Map","Unknown","164","1","Feet","N100HGHPLN","High Plains aquifer","US","United States of America","48","Texas","219","Hockley County","Ogallala Formation (121OGLL)","WELL","UNCONFINED","TWDB GWB","0","No","0","No","1","Background","1","Surveillance","1","Dedicated Monitoring/Observation","TWDB GWDB","1","Yes","1","Yes","1","Background","1","Surveillance","1","Dedicated Monitoring/Observation","https://www3.twdb.texas.gov/apps/waterdatainteractive//GetReports.aspx?Num=2416405&Type=GWDB"
"TWDB","2415605","Texas Water Development Board","2415605","33.804723","-102.143056","NAD83","Interpolated From Topo Map","+/- 1 Second","3388","1","Feet","NAVD88","Interpolated From Topo Map","Unknown","114","1","Feet","N100HGHPLN","High Plains aquifer","US","United States of America","48","Texas","219","Hockley County","Ogallala Formation (121OGLL)","WELL","UNCONFINED","TWDB GWB","0","No","0","No","1","Background","1","Surveillance","1","Dedicated Monitoring/Observation","TWDB GWDB","1","Yes","1","Yes","1","Background","1","Surveillance","1","Dedicated Monitoring/Observation","https://www3.twdb.texas.gov/apps/waterdatainteractive//GetReports.aspx?Num=2415605&Type=GWDB"
"TWDB","2430502","Texas Water Development Board","2430502","33.581944","-102.299722","NAD83","Interpolated From Topo Map","+/- 1 Second","3476","1","Feet","NAVD88","Interpolated From Topo Map","Unknown","186","1","Feet","N100HGHPLN","High Plains aquifer","US","United States of America","48","Texas","219","Hockley County","Ogallala Formation (121OGLL)","WELL","UNCONFINED","TWDB GWB","0","No","0","No","1","Background","1","Surveillance","1","Dedicated Monitoring/Observation","TWDB GWDB","1","Yes","1","Yes","1","Background","1","Surveillance","1","Dedicated Monitoring/Observation","https://www3.twdb.texas.gov/apps/waterdatainteractive//GetReports.aspx?Num=2430502&Type=GWDB"
"TWDB","2423502","Texas Water Development Board","2423502","33.690278","-102.208334","NAD83","Interpolated From Topo Map","+/- 1 Second","3421","1","Feet","NAVD88","Interpolated From Topo Map","Unknown","176","1","Feet","N100HGHPLN","High Plains aquifer","US","United States of America","48","Texas","219","Hockley County","Ogallala Formation (121OGLL)","WELL","UNCONFINED","TWDB GWB","0","No","0","No","1","Background","1","Surveillance","1","Dedicated Monitoring/Observation","TWDB GWDB","1","Yes","1","Yes","1","Background","1","Surveillance","1","Dedicated Monitoring/Observation","https://www3.twdb.texas.gov/apps/waterdatainteractive//GetReports.aspx?Num=2423502&Type=GWDB"
"TWDB","2428901","Texas Water Development Board","2428901","33.511112","-102.514723","NAD83","Interpolated From Topo Map","+/- 1 Second","3584","1","Feet","NAVD88","Interpolated From Topo Map","Unknown","232","1","Feet","N100HGHPLN","High Plains aquifer","US","United States of America","48","Texas","219","Hockley County","Ogallala Formation (121OGLL)","WELL","UNCONFINED","TWDB GWB","0","No","1","Yes","1","Background","1","Surveillance","1","Dedicated Monitoring/Observation","TWDB GWDB","1","Yes","1","Yes","1","Background","1","Surveillance","1","Dedicated Monitoring/Observation","https://www3.twdb.texas.gov/apps/waterdatainteractive//GetReports.aspx?Num=2428901&Type=GWDB"
"TWDB","2428203","Texas Water Development Board","2428203","33.610556","-102.544722","NAD83","Interpolated From Topo Map","+/- 1 Second","3624","1","Feet","NAVD88","Interpolated From Topo Map","Unknown","219","1","Feet","N100HGHPLN","High Plains aquifer","US","United States of America","48","Texas","219","Hockley County","Ogallala Formation (121OGLL)","WELL","UNCONFINED","TWDB GWB","0","No","0","No","1","Background","1","Surveillance","1","Dedicated Monitoring/Observation","TWDB GWDB","1","Yes","1","Yes","1","Background","1","Surveillance","1","Dedicated Monitoring/Observation","https://www3.twdb.texas.gov/apps/waterdatainteractive//GetReports.aspx?Num=2428203&Type=GWDB"
"TWDB","2428103","Texas Water Development Board","2428103","33.604723","-102.601112","NAD83","Interpolated From Topo Map","+/- 1 Second","3658","1","Feet","NAVD88","Interpolated From Topo Map","Unknown","212","1","Feet","N100HGHPLN","High Plains aquifer","US","United States of America","48","Texas","219","Hockley County","Ogallala Formation (121OGLL)","WELL","UNCONFINED","TWDB GWB","0","No","0","No","1","Background","1","Surveillance","1","Dedicated Monitoring/Observation","TWDB GWDB","1","Yes","1","Yes","1","Background","1","Surveillance","1","Dedicated Monitoring/Observation","https://www3.twdb.texas.gov/apps/waterdatainteractive//GetReports.aspx?Num=2428103&Type=GWDB"
"TWDB","2424703","Texas Water Development Board","2424703","33.642222","-102.12","NAD83","Interpolated From Topo Map","+/- 1 Second","3384","1","Feet","NAVD88","Interpolated From Topo Map","Unknown","202","1","Feet","N100HGHPLN","High Plains aquifer","US","United States of America","48","Texas","219","Hockley County","Ogallala Formation (121OGLL)","WELL","UNCONFINED","TWDB GWB","0","No","0","No","1","Background","1","Surveillance","1","Dedicated Monitoring/Observation","TWDB GWDB","1","Yes","1","Yes","1","Background","1","Surveillance","1","Dedicated Monitoring/Observation","https://www3.twdb.texas.gov/apps/waterdatainteractive//GetReports.aspx?Num=2424703&Type=GWDB"
"TWDB","2423701","Texas Water Development Board","2423701","33.652223","-102.227778","NAD83","Interpolated From Topo Map","+/- 1 Second","3436","1","Feet","NAVD88","Interpolated From Topo Map","Unknown","150","1","Feet","N100HGHPLN","High Plains aquifer","US","United States of America","48","Texas","219","Hockley County","Ogallala Formation (121OGLL)","WELL","UNCONFINED","TWDB GWB","0","No","0","No","1","Background","1","Surveillance","1","Dedicated Monitoring/Observation","TWDB GWDB","1","Yes","1","Yes","1","Background","1","Surveillance","1","Dedicated Monitoring/Observation","https://www3.twdb.texas.gov/apps/waterdatainteractive//GetReports.aspx?Num=2423701&Type=GWDB"
"TWDB","2422202","Texas Water Development Board","2422202","33.730833","-102.293334","NAD83","Interpolated From Topo Map","+/- 1 Second","3455","1","Feet","NAVD88","Interpolated From Topo Map","Unknown","116","1","Feet","N100HGHPLN","High Plains aquifer","US","United States of America","48","Texas","219","Hockley County","Ogallala Formation (121OGLL)","WELL","UNCONFINED","TWDB GWB","0","No","0","No","1","Background","1","Surveillance","1","Dedicated Monitoring/Observation","TWDB GWDB","1","Yes","1","Yes","1","Background","1","Surveillance","1","Dedicated Monitoring/Observation","https://www3.twdb.texas.gov/apps/waterdatainteractive//GetReports.aspx?Num=2422202&Type=GWDB"
"TWDB","2421904","Texas Water Development Board","2421904","33.656389","-102.402501","NAD83","Interpolated From Topo Map","+/- 1 Second","3574","1","Feet","NAVD88","Interpolated From Topo Map","Unknown","247","1","Feet","N100HGHPLN","High Plains aquifer","US","United States of America","48","Texas","219","Hockley County","Ogallala Formation (121OGLL)","WELL","UNCONFINED","TWDB GWB","0","No","0","No","1","Background","1","Surveillance","1","Dedicated Monitoring/Observation","TWDB GWDB","1","Yes","1","Yes","1","Background","1","Surveillance","1","Dedicated Monitoring/Observation","https://www3.twdb.texas.gov/apps/waterdatainteractive//GetReports.aspx?Num=2421904&Type=GWDB"
"TWDB","2421803","Texas Water Development Board","2421803","33.639167","-102.453056","NAD83","Interpolated From Topo Map","+/- 1 Second","3583","1","Feet","NAVD88","Interpolated From Topo Map","Unknown","224","1","Feet","N100HGHPLN","High Plains aquifer","US","United States of America","48","Texas","219","Hockley County","Ogallala Formation (121OGLL)","WELL","UNCONFINED","TWDB GWB","0","No","0","No","1","Background","1","Surveillance","1","Dedicated Monitoring/Observation","TWDB GWDB","1","Yes","1","Yes","1","Background","1","Surveillance","1","Dedicated Monitoring/Observation","https://www3.twdb.texas.gov/apps/waterdatainteractive//GetReports.aspx?Num=2421803&Type=GWDB"
"TWDB","2439302","Texas Water Development Board","2439302","33.478333","-102.148889","NAD83","Interpolated From Topo Map","+/- 1 Second","3362","1","Feet","NAVD88","Interpolated From Topo Map","Unknown","196","1","Feet","N100HGHPLN","High Plains aquifer","US","United States of America","48","Texas","219","Hockley County","Ogallala Formation (121OGLL)","WELL","UNCONFINED","TWDB GWB","0","No","0","No","1","Background","1","Surveillance","1","Dedicated Monitoring/Observation","TWDB GWDB","1","Yes","1","Yes","1","Background","1","Surveillance","1","Dedicated Monitoring/Observation","https://www3.twdb.texas.gov/apps/waterdatainteractive//GetReports.aspx?Num=2439302&Type=GWDB"
"TWDB","2439101","Texas Water Development Board","2439101","33.485556","-102.216112","NAD83","Interpolated From Topo Map","+/- 1 Second","3407","1","Feet","NAVD88","Interpolated From Topo Map","Unknown","208","1","Feet","N100HGHPLN","High Plains aquifer","US","United States of America","48","Texas","219","Hockley County","Ogallala Formation (121OGLL)","WELL","UNCONFINED","TWDB GWB","0","No","0","No","1","Background","1","Surveillance","1","Dedicated Monitoring/Observation","TWDB GWDB","1","Yes","1","Yes","1","Background","1","Surveillance","1","Dedicated Monitoring/Observation","https://www3.twdb.texas.gov/apps/waterdatainteractive//GetReports.aspx?Num=2439101&Type=GWDB"
"TWDB","2437204","Texas Water Development Board","2437204","33.498889","-102.449722","NAD83","Interpolated From Topo Map","+/- 1 Second","3542","1","Feet","NAVD88","Interpolated From Topo Map","Unknown","235","1","Feet","N100HGHPLN","High Plains aquifer","US","United States of America","48","Texas","219","Hockley County","Ogallala Formation (121OGLL)","WELL","UNCONFINED","TWDB GWB","0","No","0","No","1","Background","1","Surveillance","1","Dedicated Monitoring/Observation","TWDB GWDB","1","Yes","1","Yes","1","Background","1","Surveillance","1","Dedicated Monitoring/Observation","https://www3.twdb.texas.gov/apps/waterdatainteractive//GetReports.aspx?Num=2437204&Type=GWDB"
"TWDB","2436302","Texas Water Development Board","2436302","33.477222","-102.519444","NAD83","Interpolated From Topo Map","+/- 1 Second","3587","1","Feet","NAVD88","Interpolated From Topo Map","Unknown","224","1","Feet","N100HGHPLN","High Plains aquifer","US","United States of America","48","Texas","219","Hockley County","Ogallala Formation (121OGLL)","WELL","UNCONFINED","TWDB GWB","0","No","0","No","1","Background","1","Surveillance","1","Dedicated Monitoring/Observation","TWDB GWDB","1","Yes","1","Yes","1","Background","1","Surveillance","1","Dedicated Monitoring/Observation","https://www3.twdb.texas.gov/apps/waterdatainteractive//GetReports.aspx?Num=2436302&Type=GWDB"
"TWDB","2432702","Texas Water Development Board","2432702","33.506945","-102.115834","NAD83","Interpolated From Topo Map","+/- 1 Second","3354","1","Feet","NAVD88","Interpolated From Topo Map","Unknown","176","1","Feet","N100HGHPLN","High Plains aquifer","US","United States of America","48","Texas","219","Hockley County","Ogallala Formation (121OGLL)","WELL","UNCONFINED","TWDB GWB","0","No","0","No","1","Background","1","Surveillance","1","Dedicated Monitoring/Observation","TWDB GWDB","1","Yes","1","Yes","1","Background","1","Surveillance","1","Dedicated Monitoring/Observation","https://www3.twdb.texas.gov/apps/waterdatainteractive//GetReports.aspx?Num=2432702&Type=GWDB"
"TWDB","2432406","Texas Water Development Board","2432406","33.558334","-102.090278","NAD83","Interpolated From Topo Map","+/- 1 Second","3339","1","Feet","NAVD88","Interpolated From Topo Map","Unknown","145","1","Feet","N100HGHPLN","High Plains aquifer","US","United States of America","48","Texas","219","Hockley County","Ogallala Formation (121OGLL)","WELL","UNCONFINED","TWDB GWB","0","No","0","No","1","Background","1","Surveillance","1","Dedicated Monitoring/Observation","TWDB GWDB","1","Yes","1","Yes","1","Background","1","Surveillance","1","Dedicated Monitoring/Observation","https://www3.twdb.texas.gov/apps/waterdatainteractive//GetReports.aspx?Num=2432406&Type=GWDB"
"TWDB","2431902","Texas Water Development Board","2431902","33.534167","-102.145278","NAD83","Interpolated From Topo Map","+/- 1 Second","3386","1","Feet","NAVD88","Interpolated From Topo Map","Unknown","161","1","Feet","N100HGHPLN","High Plains aquifer","US","United States of America","48","Texas","219","Hockley County","Ogallala Formation (121OGLL)","WELL","UNCONFINED","TWDB GWB","0","No","0","No","1","Background","1","Surveillance","1","Dedicated Monitoring/Observation","TWDB GWDB","1","Yes","1","Yes","1","Background","1","Surveillance","1","Dedicated Monitoring/Observation","https://www3.twdb.texas.gov/apps/waterdatainteractive//GetReports.aspx?Num=2431902&Type=GWDB"
"TWDB","2431601","Texas Water Development Board","2431601","33.583055","-102.127778","NAD83","Interpolated From Topo Map","+/- 1 Second","3379","1","Feet","NAVD88","Interpolated From Topo Map","Unknown","146","1","Feet","N100HGHPLN","High Plains aquifer","US","United States of America","48","Texas","219","Hockley County","Ogallala Formation (121OGLL)","WELL","UNCONFINED","TWDB GWB","0","No","0","No","1","Background","1","Surveillance","1","Dedicated Monitoring/Observation","TWDB GWDB","1","Yes","1","Yes","1","Background","1","Surveillance","1","Dedicated Monitoring/Observation","https://www3.twdb.texas.gov/apps/waterdatainteractive//GetReports.aspx?Num=2431601&Type=GWDB"
