"AgencyCd","SiteNo","AgencyNm","SiteName","DecLatVa","DecLongVa","HorzDatum","HorzMethod","HorzAcy","AltVa","AltUnits","AltUnitsNm","AltDatumCd","AltMethod","AltAcy","WellDepthUnits","WellDepthUnitsNm","NatAquiferCd","NatAqfrDesc","CountryCd","CountryNm","StateCd","StateNm","CountyCd","CountyNm","LocalAquiferName","SiteType","AquiferType","QwSnFlag","QwSnDesc","QwBaselineFlag","QwBaselineDesc","WlSysName","WlSnFlag","WlSnDesc","WlBaselineFlag","WlBaselineDesc","WlWellChars","WlWellCharsDesc","WlWellType","WlWellTypeDesc","WlWellPurpose","WlWellPurposeDesc","Link"
"TWDB","0336401","Texas Water Development Board","0336401","36.416944","-101.611112","NAD83","Interpolated From Topo Map","+/- 1 Second","3309","1","Feet","NAVD88","Interpolated From Topo Map","Unknown","1","Feet","N100HGHPLN","High Plains aquifer","US","United States of America","48","Texas","195","Hansford County","Ogallala Formation","WELL","UNCONFINED","0","No","0","No","TWDB GWDB","1","Yes","1","Yes","1","Background","1","Surveillance","2","Other","https://www3.twdb.texas.gov/apps/waterdatainteractive//GetReports.aspx?Num=0336401&Type=GWDB"
"TWDB","0362102","Texas Water Development Board","0362102","36.095278","-101.363334","NAD83","Interpolated From Topo Map","+/- 1 Second","3224","1","Feet","NAVD88","Interpolated From Topo Map","Unknown","1","Feet","N100HGHPLN","High Plains aquifer","US","United States of America","48","Texas","195","Hansford County","Ogallala Formation (121OGLL)","WELL","UNCONFINED","0","No","0","No","TWDB GWDB","1","Yes","1","Yes","1","Background","1","Surveillance","1","Dedicated Monitoring/Observation","https://www2.twdb.texas.gov/apps/waterdatainteractive//GetReports.aspx?Num=0362102&Type=GWDB"
"TWDB","0336301","Texas Water Development Board","0336301","36.464445","-101.513612","NAD83","Interpolated from Highway or large-scale maps or with only fair location sketches","+/- 5 Seconds","3221","1","Feet","NAVD88","Interpolated From Topo Map","Unknown","1","Feet","N100HGHPLN","High Plains aquifer","US","United States of America","48","Texas","195","Hansford County","Ogallala Formation (121OGLL)","WELL","UNCONFINED","0","No","0","No","TWDB GWDB","1","Yes","1","Yes","1","Background","1","Surveillance","1","Dedicated Monitoring/Observation","https://www2.twdb.texas.gov/apps/waterdatainteractive//GetReports.aspx?Num=0336301&Type=GWDB"
"TWDB","0336501","Texas Water Development Board","Sunray 1 NE Quad","36.444722","-101.568055","NAD83","GPS","+/- 1 Second","3278","1","Feet","NAVD88","Interpolated From Topo Map","Unknown","1","Feet","N100HGHPLN","High Plains aquifer","US","United States of America","48","Texas","195","Hansford County","Ogallala Formation","WELL","UNCONFINED","0","No","0","No","TWDB GWDB","1","Yes","1","Yes","3","Known Changes","1","Surveillance","1","Dedicated Monitoring/Observation","http://www2.twdb.texas.gov/apps/waterdatainteractive//GetReports.aspx?Num=0336501&Type=GWDB"
"TWDB","0338901","Texas Water Development Board","0338901","36.396111","-101.251667","NAD83","Interpolated From Topo Map","+/- 1 Second","3062","1","Feet","NAVD88","Interpolated From Topo Map","Unknown","1","Feet","N100HGHPLN","High Plains aquifer","US","United States of America","48","Texas","195","Hansford County","Ogallala Formation (121OGLL)","WELL","UNCONFINED","0","No","0","No","TWDB GWDB","1","Yes","1","Yes","1","Background","1","Surveillance","1","Dedicated Monitoring/Observation","https://www2.twdb.texas.gov/apps/waterdatainteractive//GetReports.aspx?Num=0338901&Type=GWDB"
"TWDB","0339201","Texas Water Development Board","0339201","36.475833","-101.195556","NAD83","Interpolated From Topo Map","+/- 1 Second","3008","1","Feet","NAVD88","Interpolated From Topo Map","Unknown","1","Feet","N100HGHPLN","High Plains aquifer","US","United States of America","48","Texas","195","Hansford County","Ogallala Formation (121OGLL)","WELL","UNCONFINED","0","No","0","No","TWDB GWDB","1","Yes","1","Yes","1","Background","1","Surveillance","1","Dedicated Monitoring/Observation","https://www2.twdb.texas.gov/apps/waterdatainteractive//GetReports.aspx?Num=0339201&Type=GWDB"
"TWDB","0352702","Texas Water Development Board","0352702","36.125278","-101.619444","NAD83","Interpolated From Topo Map","+/- 1 Second","3372","1","Feet","NAVD88","Interpolated From Topo Map","Unknown","1","Feet","N100HGHPLN","High Plains aquifer","US","United States of America","48","Texas","195","Hansford County","Ogallala Formation (121OGLL)","WELL","UNCONFINED","0","No","0","No","TWDB GWDB","1","Yes","1","Yes","1","Background","1","Surveillance","1","Dedicated Monitoring/Observation","https://www2.twdb.texas.gov/apps/waterdatainteractive//GetReports.aspx?Num=0352702&Type=GWDB"
"TWDB","0352804","Texas Water Development Board","0352804","36.154167","-101.549722","NAD83","Interpolated From Topo Map","+/- 1 Second","3314","1","Feet","NAVD88","Interpolated From Topo Map","Unknown","1","Feet","N100HGHPLN","High Plains aquifer","US","United States of America","48","Texas","195","Hansford County","Ogallala Formation (121OGLL)","WELL","UNCONFINED","0","No","0","No","TWDB GWDB","1","Yes","1","Yes","1","Background","1","Surveillance","1","Dedicated Monitoring/Observation","https://www2.twdb.texas.gov/apps/waterdatainteractive//GetReports.aspx?Num=0352804&Type=GWDB"
"TWDB","0353201","Texas Water Development Board","0353201","36.248889","-101.438334","NAD83","Interpolated From Topo Map","+/- 1 Second","3188","1","Feet","NAVD88","Interpolated From Topo Map","Unknown","1","Feet","N100HGHPLN","High Plains aquifer","US","United States of America","48","Texas","195","Hansford County","Ogallala Formation (121OGLL)","WELL","UNCONFINED","0","No","0","No","TWDB GWDB","1","Yes","1","Yes","1","Background","1","Surveillance","1","Dedicated Monitoring/Observation","https://www2.twdb.texas.gov/apps/waterdatainteractive//GetReports.aspx?Num=0353201&Type=GWDB"
"TWDB","0353305","Texas Water Development Board","0353305","36.234445","-101.38","NAD83","Interpolated From Topo Map","+/- 1 Second","3180","1","Feet","NAVD88","Interpolated From Topo Map","Unknown","1","Feet","N100HGHPLN","High Plains aquifer","US","United States of America","48","Texas","195","Hansford County","Ogallala Formation (121OGLL)","WELL","UNCONFINED","0","No","0","No","TWDB GWDB","1","Yes","1","Yes","1","Background","1","Surveillance","1","Dedicated Monitoring/Observation","https://www2.twdb.texas.gov/apps/waterdatainteractive//GetReports.aspx?Num=0353305&Type=GWDB"
"TWDB","0353502","Texas Water Development Board","0353502","36.203612","-101.444167","NAD83","Interpolated From Topo Map","+/- 1 Second","3222","1","Feet","NAVD88","Interpolated From Topo Map","Unknown","1","Feet","N100HGHPLN","High Plains aquifer","US","United States of America","48","Texas","195","Hansford County","Ogallala Formation (121OGLL)","WELL","UNCONFINED","0","No","0","No","TWDB GWDB","1","Yes","1","Yes","1","Background","1","Surveillance","1","Dedicated Monitoring/Observation","https://www2.twdb.texas.gov/apps/waterdatainteractive//GetReports.aspx?Num=0353502&Type=GWDB"
"TWDB","0354501","Texas Water Development Board","0354501","36.168055","-101.303889","NAD83","Interpolated From Topo Map","+/- 1 Second","3151","1","Feet","NAVD88","Interpolated From Topo Map","Unknown","1","Feet","N100HGHPLN","High Plains aquifer","US","United States of America","48","Texas","195","Hansford County","Ogallala Formation (121OGLL)","WELL","UNCONFINED","0","No","0","No","TWDB GWDB","1","Yes","1","Yes","1","Background","1","Surveillance","1","Dedicated Monitoring/Observation","https://www2.twdb.texas.gov/apps/waterdatainteractive//GetReports.aspx?Num=0354501&Type=GWDB"
"TWDB","0354602","Texas Water Development Board","0354602","36.201389","-101.269722","NAD83","Interpolated From Topo Map","+/- 1 Second","3124","1","Feet","NAVD88","Interpolated From Topo Map","Unknown","1","Feet","N100HGHPLN","High Plains aquifer","US","United States of America","48","Texas","195","Hansford County","Ogallala Formation (121OGLL)","WELL","UNCONFINED","0","No","0","No","TWDB GWDB","1","Yes","1","Yes","1","Background","1","Surveillance","1","Dedicated Monitoring/Observation","https://www2.twdb.texas.gov/apps/waterdatainteractive//GetReports.aspx?Num=0354602&Type=GWDB"
"TWDB","0355101","Texas Water Development Board","0355101","36.2325","-101.228055","NAD83","Interpolated From Topo Map","+/- 1 Second","3096","1","Feet","NAVD88","Interpolated From Topo Map","Unknown","1","Feet","N100HGHPLN","High Plains aquifer","US","United States of America","48","Texas","195","Hansford County","Ogallala Formation (121OGLL)","WELL","UNCONFINED","0","No","0","No","TWDB GWDB","1","Yes","1","Yes","1","Background","1","Surveillance","1","Dedicated Monitoring/Observation","https://www2.twdb.texas.gov/apps/waterdatainteractive//GetReports.aspx?Num=0355101&Type=GWDB"
"TWDB","0355408","Texas Water Development Board","0355408","36.168889","-101.229167","NAD83","Interpolated From Topo Map","+/- 1 Second","3122","1","Feet","NAVD88","Interpolated From Topo Map","Unknown","1","Feet","N100HGHPLN","High Plains aquifer","US","United States of America","48","Texas","195","Hansford County","Ogallala Formation (121OGLL)","WELL","UNCONFINED","0","No","0","No","TWDB GWDB","1","Yes","1","Yes","1","Background","1","Surveillance","1","Dedicated Monitoring/Observation","https://www2.twdb.texas.gov/apps/waterdatainteractive//GetReports.aspx?Num=0355408&Type=GWDB"
"TWDB","0355409","Texas Water Development Board","0355409","36.199167","-101.236111","NAD83","Interpolated From Topo Map","+/- 1 Second","3103","1","Feet","NAVD88","Interpolated From Topo Map","Unknown","1","Feet","N100HGHPLN","High Plains aquifer","US","United States of America","48","Texas","195","Hansford County","Ogallala Formation (121OGLL)","WELL","UNCONFINED","0","No","0","No","TWDB GWDB","1","Yes","1","Yes","1","Background","1","Surveillance","1","Dedicated Monitoring/Observation","https://www2.twdb.texas.gov/apps/waterdatainteractive//GetReports.aspx?Num=0355409&Type=GWDB"
"TWDB","0355705","Texas Water Development Board","0355705","36.139722","-101.242222","NAD83","Interpolated From Topo Map","+/- 1 Second","3147","1","Feet","NAVD88","Interpolated From Topo Map","Unknown","1","Feet","N100HGHPLN","High Plains aquifer","US","United States of America","48","Texas","195","Hansford County","Ogallala Formation (121OGLL)","WELL","UNCONFINED","0","No","0","No","TWDB GWDB","1","Yes","1","Yes","1","Background","1","Surveillance","1","Dedicated Monitoring/Observation","https://www2.twdb.texas.gov/apps/waterdatainteractive//GetReports.aspx?Num=0355705&Type=GWDB"
"TWDB","0347104","Texas Water Development Board","0347104","36.373333","-101.220278","NAD83","Interpolated from Highway or large-scale maps or with only fair location sketches","+/- 5 Seconds","3048","1","Feet","NAVD88","Interpolated From Topo Map","Unknown","1","Feet","N100HGHPLN","High Plains aquifer","US","United States of America","48","Texas","195","Hansford County","Ogallala Formation (121OGLL)","WELL","UNCONFINED","0","No","0","No","TWDB GWDB","1","Yes","1","Yes","1","Background","1","Surveillance","1","Dedicated Monitoring/Observation","https://www2.twdb.texas.gov/apps/waterdatainteractive//GetReports.aspx?Num=0347104&Type=GWDB"
"TWDB","0346604","Texas Water Development Board","Kimball Quad","36.313612","-101.291389","NAD83","GPS","+/- 1 Second","3107","1","Feet","NAVD88","Interpolated From Topo Map","Unknown","1","Feet","N100HGHPLN","High Plains aquifer","US","United States of America","48","Texas","195","Hansford County","Ogallala Formation","WELL","UNCONFINED","0","No","0","No","TWDB GWDB","1","Yes","1","Yes","3","Known Changes","1","Surveillance","1","Dedicated Monitoring/Observation","http://www2.twdb.texas.gov/apps/waterdatainteractive//GetReports.aspx?Num=0346604&Type=GWDB"
"TWDB","0362203","Texas Water Development Board","0362203","36.124722","-101.324722","NAD83","Interpolated from Highway or large-scale maps or with only fair location sketches","+/- 5 Seconds","3183","1","Feet","NAVD88","Interpolated From Topo Map","Unknown","1","Feet","N100HGHPLN","High Plains aquifer","US","United States of America","48","Texas","195","Hansford County","Ogallala Formation (121OGLL)","WELL","UNCONFINED","0","No","0","No","TWDB GWDB","1","Yes","1","Yes","1","Background","1","Surveillance","1","Dedicated Monitoring/Observation","https://www2.twdb.texas.gov/apps/waterdatainteractive//GetReports.aspx?Num=0362203&Type=GWDB"
"TWDB","0354301","Texas Water Development Board","Hansford Quad Recorder","36.243333","-101.262222","NAD83","GPS","+/- 0.5 Seconds - GPS","2962","1","Feet","NAVD88","Interpolated From Topo Map","Unknown","1","Feet","N100HGHPLN","High Plains aquifer","US","United States of America","48","Texas","195","Hansford County","Ogallala Formation","WELL","UNCONFINED","0","No","0","No","TWDB GWDB","1","Yes","1","Yes","3","Known Changes","2","Trend","1","Dedicated Monitoring/Observation","http://www2.twdb.texas.gov/apps/waterdatainteractive//GetReports.aspx?Num=0354301&Type=GWDB"
"TWDB","0336602","Texas Water Development Board","0336602","36.428611","-101.531389","NAD83","Interpolated From Topo Map","+/- 1 Second","3241","1","Feet","NAVD88","Interpolated From Topo Map","Unknown","1","Feet","N100HGHPLN","High Plains aquifer","US","United States of America","48","Texas","195","Hansford County","Ogallala Formation (121OGLL)","WELL","UNCONFINED","0","No","0","No","TWDB GWDB","1","Yes","1","Yes","1","Background","1","Surveillance","1","Dedicated Monitoring/Observation","https://www2.twdb.texas.gov/apps/waterdatainteractive//GetReports.aspx?Num=0336602&Type=GWDB"
"TWDB","0337804","Texas Water Development Board","0337804","36.408056","-101.424722","NAD83","Interpolated From Topo Map","+/- 1 Second","3197","1","Feet","NAVD88","Interpolated From Topo Map","Unknown","1","Feet","N100HGHPLN","High Plains aquifer","US","United States of America","48","Texas","195","Hansford County","Ogallala Formation (121OGLL)","WELL","UNCONFINED","0","No","0","No","TWDB GWDB","1","Yes","1","Yes","1","Background","1","Surveillance","1","Dedicated Monitoring/Observation","https://www2.twdb.texas.gov/apps/waterdatainteractive//GetReports.aspx?Num=0337804&Type=GWDB"
"TWDB","0337901","Texas Water Development Board","0337901","36.400834","-101.405834","NAD83","Interpolated From Topo Map","+/- 1 Second","3172","1","Feet","NAVD88","Interpolated From Topo Map","Unknown","1","Feet","N100HGHPLN","High Plains aquifer","US","United States of America","48","Texas","195","Hansford County","Ogallala Formation (121OGLL)","WELL","UNCONFINED","0","No","0","No","TWDB GWDB","1","Yes","1","Yes","1","Background","1","Surveillance","1","Dedicated Monitoring/Observation","https://www2.twdb.texas.gov/apps/waterdatainteractive//GetReports.aspx?Num=0337901&Type=GWDB"
"TWDB","0338302","Texas Water Development Board","0338302","36.482778","-101.275833","NAD83","Interpolated From Topo Map","+/- 1 Second","3061","1","Feet","NAVD88","Interpolated From Topo Map","Unknown","1","Feet","N100HGHPLN","High Plains aquifer","US","United States of America","48","Texas","195","Hansford County","Ogallala Formation (121OGLL)","WELL","UNCONFINED","0","No","0","No","TWDB GWDB","1","Yes","1","Yes","1","Background","1","Surveillance","1","Dedicated Monitoring/Observation","https://www2.twdb.texas.gov/apps/waterdatainteractive//GetReports.aspx?Num=0338302&Type=GWDB"
"TWDB","0338401","Texas Water Development Board","0338401","36.443611","-101.336111","NAD83","Interpolated From Topo Map","+/- 1 Second","3107","1","Feet","NAVD88","Interpolated From Topo Map","Unknown","1","Feet","N100HGHPLN","High Plains aquifer","US","United States of America","48","Texas","195","Hansford County","Ogallala Formation (121OGLL)","WELL","UNCONFINED","0","No","0","No","TWDB GWDB","1","Yes","1","Yes","1","Background","1","Surveillance","1","Dedicated Monitoring/Observation","https://www2.twdb.texas.gov/apps/waterdatainteractive//GetReports.aspx?Num=0338401&Type=GWDB"
"TWDB","0338601","Texas Water Development Board","0338601","36.43","-101.251112","NAD83","Interpolated From Topo Map","+/- 1 Second","3051","1","Feet","NAVD88","Interpolated From Topo Map","Unknown","1","Feet","N100HGHPLN","High Plains aquifer","US","United States of America","48","Texas","195","Hansford County","Ogallala Formation (121OGLL)","WELL","UNCONFINED","0","No","0","No","TWDB GWDB","1","Yes","1","Yes","1","Background","1","Surveillance","1","Dedicated Monitoring/Observation","https://www2.twdb.texas.gov/apps/waterdatainteractive//GetReports.aspx?Num=0338601&Type=GWDB"
"TWDB","0339901","Texas Water Development Board","0339901","36.3825","-101.143889","NAD83","Interpolated From Topo Map","+/- 1 Second","2835","1","Feet","NAVD88","Interpolated From Topo Map","Unknown","1","Feet","N100HGHPLN","High Plains aquifer","US","United States of America","48","Texas","195","Hansford County","Ogallala Formation (121OGLL)","WELL","UNCONFINED","0","No","0","No","TWDB GWDB","1","Yes","1","Yes","1","Background","1","Surveillance","1","Dedicated Monitoring/Observation","https://www2.twdb.texas.gov/apps/waterdatainteractive//GetReports.aspx?Num=0339901&Type=GWDB"
"TWDB","0340101","Texas Water Development Board","0340101","36.496111","-101.096945","NAD83","Interpolated From Topo Map","+/- 1 Second","2785","1","Feet","NAVD88","Interpolated From Topo Map","Unknown","1","Feet","N100HGHPLN","High Plains aquifer","US","United States of America","48","Texas","195","Hansford County","Ogallala Formation (121OGLL)","WELL","UNCONFINED","0","No","0","No","TWDB GWDB","1","Yes","1","Yes","1","Background","1","Surveillance","1","Dedicated Monitoring/Observation","https://www2.twdb.texas.gov/apps/waterdatainteractive//GetReports.aspx?Num=0340101&Type=GWDB"
"TWDB","0340701","Texas Water Development Board","0340701","36.410001","-101.112501","NAD83","Interpolated From Topo Map","+/- 1 Second","2860","1","Feet","NAVD88","Interpolated From Topo Map","Unknown","1","Feet","N100HGHPLN","High Plains aquifer","US","United States of America","48","Texas","195","Hansford County","Ogallala Formation (121OGLL)","WELL","UNCONFINED","0","No","0","No","TWDB GWDB","1","Yes","1","Yes","1","Background","1","Surveillance","1","Dedicated Monitoring/Observation","https://www2.twdb.texas.gov/apps/waterdatainteractive//GetReports.aspx?Num=0340701&Type=GWDB"
"TWDB","0344302","Texas Water Development Board","0344302","36.365556","-101.513612","NAD83","Interpolated From Topo Map","+/- 1 Second","3245","1","Feet","NAVD88","Interpolated From Topo Map","Unknown","1","Feet","N100HGHPLN","High Plains aquifer","US","United States of America","48","Texas","195","Hansford County","Ogallala Formation (121OGLL)","WELL","UNCONFINED","0","No","0","No","TWDB GWDB","1","Yes","1","Yes","1","Background","1","Surveillance","1","Dedicated Monitoring/Observation","https://www2.twdb.texas.gov/apps/waterdatainteractive//GetReports.aspx?Num=0344302&Type=GWDB"
"TWDB","0344501","Texas Water Development Board","0344501","36.298889","-101.545834","NAD83","Interpolated From Topo Map","+/- 1 Second","3304","1","Feet","NAVD88","Interpolated From Topo Map","Unknown","1","Feet","N100HGHPLN","High Plains aquifer","US","United States of America","48","Texas","195","Hansford County","Ogallala Formation (121OGLL)","WELL","UNCONFINED","0","No","0","No","TWDB GWDB","1","Yes","0","No","1","Background","1","Surveillance","1","Dedicated Monitoring/Observation","https://www2.twdb.texas.gov/apps/waterdatainteractive//GetReports.aspx?Num=0344501&Type=GWDB"
"TWDB","0344703","Texas Water Development Board","0344703","36.291111","-101.5875","NAD83","Interpolated From Topo Map","+/- 1 Second","3329","1","Feet","NAVD88","Interpolated From Topo Map","Unknown","1","Feet","N100HGHPLN","High Plains aquifer","US","United States of America","48","Texas","195","Hansford County","Ogallala Formation (121OGLL)","WELL","UNCONFINED","0","No","0","No","TWDB GWDB","1","Yes","1","Yes","1","Background","1","Surveillance","1","Dedicated Monitoring/Observation","https://www2.twdb.texas.gov/apps/waterdatainteractive//GetReports.aspx?Num=0344703&Type=GWDB"
"TWDB","0344704","Texas Water Development Board","0344704","36.264445","-101.610001","NAD83","Interpolated From Topo Map","+/- 1 Second","3378","1","Feet","NAVD88","Interpolated From Topo Map","Unknown","1","Feet","N100HGHPLN","High Plains aquifer","US","United States of America","48","Texas","195","Hansford County","Ogallala Formation (121OGLL)","WELL","UNCONFINED","0","No","0","No","TWDB GWDB","1","Yes","1","Yes","1","Background","1","Surveillance","1","Dedicated Monitoring/Observation","https://www2.twdb.texas.gov/apps/waterdatainteractive//GetReports.aspx?Num=0344704&Type=GWDB"
"TWDB","0344801","Texas Water Development Board","0344801","36.251945","-101.568611","NAD83","Interpolated From Topo Map","+/- 1 Second","3326","1","Feet","NAVD88","Interpolated From Topo Map","Unknown","1","Feet","N100HGHPLN","High Plains aquifer","US","United States of America","48","Texas","195","Hansford County","Ogallala Formation (121OGLL)","WELL","UNCONFINED","0","No","0","No","TWDB GWDB","1","Yes","1","Yes","1","Background","1","Surveillance","1","Dedicated Monitoring/Observation","https://www2.twdb.texas.gov/apps/waterdatainteractive//GetReports.aspx?Num=0344801&Type=GWDB"
"TWDB","0348404","Texas Water Development Board","0348404","36.309167","-101.110001","NAD83","Interpolated From Topo Map","+/- 1 Second","3050","1","Feet","NAVD88","Interpolated From Topo Map","Unknown","1","Feet","N100HGHPLN","High Plains aquifer","US","United States of America","48","Texas","195","Hansford County","Ogallala Formation (121OGLL)","WELL","UNCONFINED","0","No","0","No","TWDB GWDB","1","Yes","1","Yes","1","Background","1","Surveillance","1","Dedicated Monitoring/Observation","https://www2.twdb.texas.gov/apps/waterdatainteractive//GetReports.aspx?Num=0348404&Type=GWDB"
"TWDB","0352302","Texas Water Development Board","0352302","36.211667","-101.506389","NAD83","Interpolated From Topo Map","+/- 1 Second","3279","1","Feet","NAVD88","Interpolated From Topo Map","Unknown","1","Feet","N100HGHPLN","High Plains aquifer","US","United States of America","48","Texas","195","Hansford County","Ogallala Formation (121OGLL)","WELL","UNCONFINED","0","No","0","No","TWDB GWDB","1","Yes","1","Yes","1","Background","1","Surveillance","1","Dedicated Monitoring/Observation","https://www2.twdb.texas.gov/apps/waterdatainteractive//GetReports.aspx?Num=0352302&Type=GWDB"
"TWDB","0352402","Texas Water Development Board","0352402","36.168333","-101.603889","NAD83","Interpolated From Topo Map","+/- 1 Second","3343","1","Feet","NAVD88","Interpolated From Topo Map","Unknown","1","Feet","N100HGHPLN","High Plains aquifer","US","United States of America","48","Texas","195","Hansford County","Ogallala Formation (121OGLL)","WELL","UNCONFINED","0","No","0","No","TWDB GWDB","1","Yes","1","Yes","1","Background","1","Surveillance","1","Dedicated Monitoring/Observation","https://www2.twdb.texas.gov/apps/waterdatainteractive//GetReports.aspx?Num=0352402&Type=GWDB"
"TWDB","0355804","Texas Water Development Board","0355804","36.162778","-101.190278","NAD83","Interpolated From Topo Map","+/- 1 Second","3112","1","Feet","NAVD88","Interpolated From Topo Map","Unknown","1","Feet","N100HGHPLN","High Plains aquifer","US","United States of America","48","Texas","195","Hansford County","Ogallala Formation (121OGLL)","WELL","UNCONFINED","0","No","0","No","TWDB GWDB","1","Yes","0","No","1","Background","1","Surveillance","1","Dedicated Monitoring/Observation","https://www2.twdb.texas.gov/apps/waterdatainteractive//GetReports.aspx?Num=0355804&Type=GWDB"
"TWDB","0356101","Texas Water Development Board","0356101","36.232222","-101.110278","NAD83","Interpolated From Topo Map","+/- 1 Second","3080","1","Feet","NAVD88","Interpolated From Topo Map","Unknown","1","Feet","N100HGHPLN","High Plains aquifer","US","United States of America","48","Texas","195","Hansford County","Ogallala Formation (121OGLL)","WELL","UNCONFINED","0","No","0","No","TWDB GWDB","1","Yes","1","Yes","1","Background","1","Surveillance","1","Dedicated Monitoring/Observation","https://www2.twdb.texas.gov/apps/waterdatainteractive//GetReports.aspx?Num=0356101&Type=GWDB"
"TWDB","0363503","Texas Water Development Board","0363503","36.074722","-101.179444","NAD83","Interpolated From Topo Map","+/- 1 Second","3150","1","Feet","NAVD88","Interpolated From Topo Map","Unknown","1","Feet","N100HGHPLN","High Plains aquifer","US","United States of America","48","Texas","195","Hansford County","Ogallala Formation (121OGLL)","WELL","UNCONFINED","0","No","0","No","TWDB GWDB","1","Yes","1","Yes","1","Background","1","Surveillance","1","Dedicated Monitoring/Observation","https://www2.twdb.texas.gov/apps/waterdatainteractive//GetReports.aspx?Num=0363503&Type=GWDB"
"TWDB","0337109","Texas Water Development Board","0337109","36.49","-101.488334","NAD83","Global Positioning System - GPS","+/- 0.5 Seconds - GPS","3195.00","1","Feet","NAVD88","Interpolated From Topo Map","Unknown","1","Feet","N100HGHPLN","High Plains aquifer","US","United States of America","48","Texas","195","Hansford County","Ogallala Formation (121OGLL)","WELL","UNCONFINED","0","No","0","No","TWDB GWDB","1","Yes","1","Yes","1","Background","1","Surveillance","1","Dedicated Monitoring/Observation","https://www2.twdb.texas.gov/apps/waterdatainteractive//GetReports.aspx?Num=0337109&Type=GWDB"
"TWDB","0346302","Texas Water Development Board","0346302","36.343889","-101.273611","NAD83","Interpolated From Topo Map","+/- 1 Second","3086","1","Feet","NAVD88","Interpolated From Topo Map","Unknown","1","Feet","N100HGHPLN","High Plains aquifer","US","United States of America","48","Texas","195","Hansford County","Ogallala Formation (121OGLL)","WELL","UNCONFINED","0","No","0","No","TWDB GWDB","1","Yes","1","Yes","1","Background","1","Surveillance","1","Dedicated Monitoring/Observation","https://www2.twdb.texas.gov/apps/waterdatainteractive//GetReports.aspx?Num=0346302&Type=GWDB"
"TWDB","0338402","Texas Water Development Board","0338402","36.417222","-101.352501","NAD83","Interpolated From Topo Map","+/- 1 Second","3127","1","Feet","NAVD88","Interpolated From Topo Map","Unknown","1","Feet","N100HGHPLN","High Plains aquifer","US","United States of America","48","Texas","195","Hansford County","Ogallala Formation (121OGLL)","WELL","UNCONFINED","0","No","0","No","TWDB GWDB","1","Yes","0","No","1","Background","1","Surveillance","1","Dedicated Monitoring/Observation","https://www2.twdb.texas.gov/apps/waterdatainteractive//GetReports.aspx?Num=0338402&Type=GWDB"
"TWDB","0355302","Texas Water Development Board","Spearman Quad","36.220833","-101.136111","NAD83","GPS","+/- 1 Second","3083","1","Feet","NAVD88","Interpolated From Topo Map","Unknown","1","Feet","N100HGHPLN","High Plains aquifer","US","United States of America","48","Texas","195","Hansford County","Ogallala Formation","WELL","UNCONFINED","0","No","0","No","TWDB GWDB","1","Yes","1","Yes","3","Known Changes","1","Surveillance","1","Dedicated Monitoring/Observation","http://www2.twdb.texas.gov/apps/waterdatainteractive//GetReports.aspx?Num=0355302&Type=GWDB"
"TWDB","0355503","Texas Water Development Board","Spearman Quad (south)","36.184167","-101.181944","NAD83","GPS","+/- 1 Second","3103","1","Feet","NAVD88","Interpolated From Topo Map","Unknown","1","Feet","N100HGHPLN","High Plains aquifer","US","United States of America","48","Texas","195","Hansford County","Ogallala Formation","WELL","UNCONFINED","0","No","0","No","TWDB GWDB","1","Yes","1","Yes","3","Known Changes","1","Surveillance","1","Dedicated Monitoring/Observation","http://www2.twdb.texas.gov/apps/waterdatainteractive//GetReports.aspx?Num=0355503&Type=GWDB"
"TWDB","0361404","Texas Water Development Board","Morse Quad","36.081389","-101.478611","NAD83","GPS","+/- 1 Second","3160","1","Feet","NAVD88","Interpolated From Topo Map","Unknown","1","Feet","N100HGHPLN","High Plains aquifer","US","United States of America","48","Texas","195","Hansford County","Ogallala Formation","WELL","UNCONFINED","0","No","0","No","TWDB GWDB","1","Yes","1","Yes","3","Known Changes","1","Surveillance","1","Dedicated Monitoring/Observation","http://www2.twdb.texas.gov/apps/waterdatainteractive//GetReports.aspx?Num=361404&Type=GWDB"
"TWDB","0362604","Texas Water Development Board","Morse SE Quad","36.081111","-101.288334","NAD83","GPS","+/- 1 Second","3188","1","Feet","NAVD88","Interpolated From Topo Map","Unknown","1","Feet","N100HGHPLN","High Plains aquifer","US","United States of America","48","Texas","195","Hansford County","Ogallala Formation","WELL","UNCONFINED","0","No","0","No","TWDB GWDB","1","Yes","1","Yes","3","Known Changes","1","Surveillance","1","Dedicated Monitoring/Observation","http://www2.twdb.texas.gov/apps/waterdatainteractive//GetReports.aspx?Num=0362604&Type=GWDB"
"TWDB","0353803","Texas Water Development Board","0353803","36.125","-101.430833","NAD83","Interpolated From Topo Map","+/- 1 Second","3239","1","Feet","NAVD88","Interpolated From Topo Map","Unknown","1","Feet","N100HGHPLN","High Plains aquifer","US","United States of America","48","Texas","195","Hansford County","Ogallala Formation (121OGLL)","WELL","UNCONFINED","0","No","0","No","TWDB GWDB","1","Yes","0","No","1","Background","1","Surveillance","1","Dedicated Monitoring/Observation","https://www2.twdb.texas.gov/apps/waterdatainteractive//GetReports.aspx?Num=0353803&Type=GWDB"
"TWDB","0347902","Texas Water Development Board","0347902","36.271389","-101.156667","NAD83","Interpolated From Topo Map","+/- 1 Second","3074","1","Feet","NAVD88","Interpolated From Topo Map","Unknown","1","Feet","N100HGHPLN","High Plains aquifer","US","United States of America","48","Texas","195","Hansford County","Ogallala Formation","WELL","UNCONFINED","0","No","0","No","TWDB GWDB","1","Yes","1","Yes","1","Background","1","Surveillance","2","Other","https://www3.twdb.texas.gov/apps/waterdatainteractive//GetReports.aspx?Num=0347902&Type=GWDB"
"TWDB","0345801","Texas Water Development Board","Gruver Quad","36.284167","-101.451945","NAD83","GPS","+/- 1 Second","3212","1","Feet","NAVD88","Interpolated From Topo Map","Unknown","1","Feet","N100HGHPLN","High Plains aquifer","US","United States of America","48","Texas","195","Hansford County","Ogallala Formation","WELL","UNCONFINED","0","No","0","No","TWDB GWDB","1","Yes","1","Yes","3","Known Changes","1","Surveillance","1","Dedicated Monitoring/Observation","http://www2.twdb.texas.gov/apps/waterdatainteractive//GetReports.aspx?Num=345801&Type=GWDB"
"TWDB","0352301","Texas Water Development Board","0352301","36.245278","-101.514723","NAD83","Interpolated From Topo Map","+/- 1 Second","3272","1","Feet","NAVD88","Interpolated From Topo Map","Unknown","1","Feet","N100HGHPLN","High Plains aquifer","US","United States of America","48","Texas","195","Hansford County","Ogallala Formation (121OGLL)","WELL","UNCONFINED","0","No","0","No","TWDB GWDB","1","Yes","1","Yes","1","Background","1","Surveillance","1","Dedicated Monitoring/Observation","https://www2.twdb.texas.gov/apps/waterdatainteractive//GetReports.aspx?Num=0352301&Type=GWDB"
"TWDB","0352902","Texas Water Development Board","0352902","36.125278","-101.531389","NAD83","Interpolated From Topo Map","+/- 1 Second","3303","1","Feet","NAVD88","Interpolated From Topo Map","Unknown","1","Feet","N100HGHPLN","High Plains aquifer","US","United States of America","48","Texas","195","Hansford County","Ogallala Formation (121OGLL)","WELL","UNCONFINED","0","No","0","No","TWDB GWDB","1","Yes","0","No","1","Background","1","Surveillance","1","Dedicated Monitoring/Observation","https://www2.twdb.texas.gov/apps/waterdatainteractive//GetReports.aspx?Num=0352902&Type=GWDB"
"TWDB","0353101","Texas Water Development Board","0353101","36.226389","-101.461112","NAD83","Interpolated From Topo Map","+/- 1 Second","3228","1","Feet","NAVD88","Interpolated From Topo Map","Unknown","1","Feet","N100HGHPLN","High Plains aquifer","US","United States of America","48","Texas","195","Hansford County","Ogallala Formation (121OGLL)","WELL","UNCONFINED","0","No","0","No","TWDB GWDB","1","Yes","1","Yes","1","Background","1","Surveillance","1","Dedicated Monitoring/Observation","https://www2.twdb.texas.gov/apps/waterdatainteractive//GetReports.aspx?Num=0353101&Type=GWDB"
"TWDB","0344504","Texas Water Development Board","0344504","36.325","-101.548889","NAD83","Interpolated From Topo Map","+/- 1 Second","3312","1","Feet","NAVD88","Interpolated From Topo Map","Unknown","1","Feet","N100HGHPLN","High Plains aquifer","US","United States of America","48","Texas","195","Hansford County","Ogallala Formation (121OGLL)","WELL","UNCONFINED","0","No","0","No","TWDB GWDB","1","Yes","1","Yes","1","Background","1","Surveillance","1","Dedicated Monitoring/Observation","https://www2.twdb.texas.gov/apps/waterdatainteractive//GetReports.aspx?Num=0344504&Type=GWDB"
"TWDB","0353901","Texas Water Development Board","0353901","36.125555","-101.396667","NAD83","Interpolated From Topo Map","+/- 1 Second","3224","1","Feet","NAVD88","Interpolated From Topo Map","Unknown","1","Feet","N100HGHPLN","High Plains aquifer","US","United States of America","48","Texas","195","Hansford County","Ogallala Formation (121OGLL)","WELL","UNCONFINED","0","No","0","No","TWDB GWDB","1","Yes","1","Yes","1","Background","1","Surveillance","1","Dedicated Monitoring/Observation","https://www2.twdb.texas.gov/apps/waterdatainteractive//GetReports.aspx?Num=0353901&Type=GWDB"
"TWDB","0354102","Texas Water Development Board","0354102","36.239445","-101.344167","NAD83","Interpolated From Topo Map","+/- 1 Second","3161","1","Feet","NAVD88","Interpolated From Topo Map","Unknown","1","Feet","N100HGHPLN","High Plains aquifer","US","United States of America","48","Texas","195","Hansford County","Ogallala Formation (121OGLL)","WELL","UNCONFINED","0","No","1","Yes","TWDB GWDB","1","Yes","1","Yes","1","Background","1","Surveillance","1","Dedicated Monitoring/Observation","https://www2.twdb.texas.gov/apps/waterdatainteractive//GetReports.aspx?Num=0354102&Type=GWDB"
"TWDB","0354401","Texas Water Development Board","0354401","36.193889","-101.341389","NAD83","Interpolated From Topo Map","+/- 1 Second","3030","1","Feet","NAVD88","Interpolated From Topo Map","Unknown","1","Feet","N100HGHPLN","High Plains aquifer","US","United States of America","48","Texas","195","Hansford County","Ogallala Formation (121OGLL)","WELL","UNCONFINED","0","No","0","No","TWDB GWDB","1","Yes","0","No","1","Background","1","Surveillance","1","Dedicated Monitoring/Observation","https://www2.twdb.texas.gov/apps/waterdatainteractive//GetReports.aspx?Num=0354401&Type=GWDB"
"TWDB","0345304","Texas Water Development Board","0345304","36.365001","-101.406389","NAD83","Interpolated From Topo Map","+/- 1 Second","3177","1","Feet","NAVD88","Interpolated From Topo Map","Unknown","1","Feet","N100HGHPLN","High Plains aquifer","US","United States of America","48","Texas","195","Hansford County","Ogallala Formation (121OGLL)","WELL","UNCONFINED","0","No","0","No","TWDB GWDB","1","Yes","1","Yes","1","Background","1","Surveillance","1","Dedicated Monitoring/Observation","https://www2.twdb.texas.gov/apps/waterdatainteractive//GetReports.aspx?Num=0345304&Type=GWDB"
"TWDB","0345904","Texas Water Development Board","0345904","36.271667","-101.389167","NAD83","Interpolated From Topo Map","+/- 1 Second","3164","1","Feet","NAVD88","Interpolated From Topo Map","Unknown","1","Feet","N100HGHPLN","High Plains aquifer","US","United States of America","48","Texas","195","Hansford County","Ogallala Formation (121OGLL)","WELL","UNCONFINED","0","No","0","No","TWDB GWDB","1","Yes","1","Yes","1","Background","1","Surveillance","1","Dedicated Monitoring/Observation","https://www2.twdb.texas.gov/apps/waterdatainteractive//GetReports.aspx?Num=0345904&Type=GWDB"
"TWDB","0347601","Texas Water Development Board","0347601","36.325","-101.128889","NAD83","Interpolated From Topo Map","+/- 1 Second","3059","1","Feet","NAVD88","Interpolated From Topo Map","Unknown","1","Feet","N100HGHPLN","High Plains aquifer","US","United States of America","48","Texas","195","Hansford County","Ogallala Formation (121OGLL)","WELL","UNCONFINED","0","No","0","No","TWDB GWDB","1","Yes","1","Yes","1","Background","1","Surveillance","1","Dedicated Monitoring/Observation","https://www2.twdb.texas.gov/apps/waterdatainteractive//GetReports.aspx?Num=0347601&Type=GWDB"
