"AgencyCd","SiteNo","AgencyNm","SiteName","DecLatVa","DecLongVa","HorzDatum","HorzMethod","HorzAcy","AltVa","AltUnits","AltUnitsNm","AltDatumCd","AltMethod","AltAcy","WellDepth","WellDepthUnits","WellDepthUnitsNm","NatAquiferCd","NatAqfrDesc","CountryCd","CountryNm","StateCd","StateNm","CountyCd","CountyNm","LocalAquiferName","SiteType","AquiferType","QwSnFlag","QwSnDesc","QwBaselineFlag","QwBaselineDesc","WlSysName","WlSnFlag","WlSnDesc","WlBaselineFlag","WlBaselineDesc","WlWellChars","WlWellCharsDesc","WlWellType","WlWellTypeDesc","WlWellPurpose","WlWellPurposeDesc","Link"
"TWDB","0533604","Texas Water Development Board","0533604","35.4563889","-100.8866667","NAD83","Interpolated From Topo Map","+/- 1 Second","2950","1","Feet","NAVD88","Interpolated From Topo Map","Unknown","260","1","Feet","N100HGHPLN","High Plains aquifer","US","United States of America","48","Texas","179","Gray County","Ogallala Formation (Ogallala)","WELL","UNCONFINED","0","No","0","No","TWDB GWDB","1","Yes","1","Yes","1","Background","1","Surveillance","1","Dedicated Monitoring/Observation","https://www3.twdb.texas.gov/apps/waterdatainteractive//GetReports.aspx?Num=0533604&Type=GWDB"
"TWDB","0528701","Texas Water Development Board","0528701","35.504723","-100.622222","NAD83","Global Positioning System - GPS","+/- 0.5 Seconds - GPS","2813","1","Feet","NAVD88","Interpolated From Topo Map","Unknown","137","1","Feet","N100HGHPLN","High Plains aquifer","US","United States of America","48","Texas","179","Gray County","Ogallala Formation (121OGLL)","WELL","UNCONFINED","0","No","0","No","TWDB GWDB","1","Yes","1","Yes","1","Background","1","Surveillance","1","Dedicated Monitoring/Observation","https://www2.twdb.texas.gov/apps/waterdatainteractive//GetReports.aspx?Num=0528701&Type=GWDB"
"TWDB","0542702","Texas Water Development Board","0542702","35.253334","-100.840556","NAD83","Interpolated From Topo Map","+/- 1 Second","2960","1","Feet","NAVD88","Interpolated From Topo Map","Unknown","220","1","Feet","N100HGHPLN","High Plains aquifer","US","United States of America","48","Texas","179","Gray County","Ogallala Formation (121OGLL)","WELL","UNCONFINED","0","No","0","No","TWDB GWDB","1","Yes","1","Yes","1","Background","1","Surveillance","1","Dedicated Monitoring/Observation","https://www2.twdb.texas.gov/apps/waterdatainteractive//GetReports.aspx?Num=0542702&Type=GWDB"
"TWDB","0534507","Texas Water Development Board","Lefors Quad","35.431667","-100.826667","NAD83","GPS","+/- 1 Second","2850","1","Feet","NAVD88","Interpolated From Topo Map","Unknown","88","1","Feet","N100HGHPLN","High Plains aquifer","US","United States of America","48","Texas","179","Gray County","Ogallala Formation","WELL","UNCONFINED","0","No","0","No","TWDB GWDB","1","Yes","1","Yes","3","Known Changes","1","Surveillance","1","Dedicated Monitoring/Observation","http://www2.twdb.texas.gov/apps/waterdatainteractive//GetReports.aspx?Num=0534507&Type=GWDB"
"TWDB","0533802","Texas Water Development Board","0533802","35.41","-100.921944","NAD83","Global Positioning System - GPS","+/- 0.5 Seconds - GPS","3090","1","Feet","NAVD88","Interpolated From Topo Map","Unknown","492","1","Feet","N100HGHPLN","High Plains aquifer","US","United States of America","48","Texas","179","Gray County","Ogallala Formation (121OGLL)","WELL","UNCONFINED","0","No","0","No","TWDB GWDB","1","Yes","1","Yes","1","Background","1","Surveillance","1","Dedicated Monitoring/Observation","https://www2.twdb.texas.gov/apps/waterdatainteractive//GetReports.aspx?Num=0533802&Type=GWDB"
"TWDB","0536402","Texas Water Development Board","0536402","35.46","-100.625555","NAD83","Global Positioning System - GPS","+/- 0.5 Seconds - GPS","2712","1","Feet","NAVD88","Interpolated From Topo Map","Unknown","60","1","Feet","N100HGHPLN","High Plains aquifer","US","United States of America","48","Texas","179","Gray County","Ogallala Formation (121OGLL)","WELL","UNCONFINED","0","No","0","No","TWDB GWDB","1","Yes","1","Yes","1","Background","1","Surveillance","1","Dedicated Monitoring/Observation","https://www2.twdb.texas.gov/apps/waterdatainteractive//GetReports.aspx?Num=0536402&Type=GWDB"
"TWDB","0526501","Texas Water Development Board","Hoover Quad Recorder","35.570554","-100.829999","NAD83","GPS","+/- 0.5 Seconds - GPS","3168","1","Feet","NAVD88","Interpolated From Topo Map","Unknown","537","1","Feet","N100HGHPLN","High Plains aquifer","US","United States of America","48","Texas","179","Gray County","Ogallala Formation","WELL","UNCONFINED","0","No","0","No","TWDB GWDB","1","Yes","1","Yes","3","Known Changes","2","Trend","1","Dedicated Monitoring/Observation","http://www2.twdb.texas.gov/apps/waterdatainteractive//GetReports.aspx?Num=0526501&Type=GWDB"
"TWDB","0534451","Texas Water Development Board","0534451","35.442222","-100.845556","NAD83","Interpolated From Topo Map","+/- 1 Second","2930","1","Feet","NAVD88","Interpolated From Topo Map","Unknown","","1","Feet","N100HGHPLN","High Plains aquifer","US","United States of America","48","Texas","179","Gray County","Ogallala Formation","WELL","UNCONFINED","0","No","0","No","TWDB GWDB","1","Yes","1","Yes","1","Background","1","Surveillance","2","Other","https://www3.twdb.texas.gov/apps/waterdatainteractive//GetReports.aspx?Num=0534451&Type=GWDB"
"TWDB","0525102","Texas Water Development Board","0525102","35.609167","-100.963612","NAD83","Interpolated from Highway or large-scale maps or with only fair location sketches","+/- 5 Seconds","3231","1","Feet","NAVD88","Interpolated From Topo Map","Unknown","565","1","Feet","N100HGHPLN","High Plains aquifer","US","United States of America","48","Texas","179","Gray County","Ogallala Formation (121OGLL)","WELL","UNCONFINED","0","No","0","No","TWDB GWDB","1","Yes","1","Yes","1","Background","1","Surveillance","1","Dedicated Monitoring/Observation","https://www2.twdb.texas.gov/apps/waterdatainteractive//GetReports.aspx?Num=0525102&Type=GWDB"
"TWDB","0527802","Texas Water Development Board","0527802","35.5355556","-100.6944444","NAD83","Global Positioning System - GPS","+/- 0.5 Seconds - GPS","3079","1","Feet","NAVD88","Interpolated From Topo Map","Unknown","599","1","Feet","N100HGHPLN","High Plains aquifer","US","United States of America","48","Texas","179","Gray County","Ogallala Formation (121OGLL)","WELL","UNCONFINED","0","No","0","No","TWDB GWDB","1","Yes","1","Yes","1","Background","1","Surveillance","1","Dedicated Monitoring/Observation","https://www2.twdb.texas.gov/apps/waterdatainteractive//GetReports.aspx?Num=0527802&Type=GWDB"
"TWDB","0528203","Texas Water Development Board","0528203","35.603889","-100.5775","NAD83","Interpolated From Topo Map","+/- 1 Second","3028","1","Feet","NAVD88","Interpolated From Topo Map","Unknown","640","1","Feet","N100HGHPLN","High Plains aquifer","US","United States of America","48","Texas","179","Gray County","Ogallala Formation (121OGLL)","WELL","UNCONFINED","0","No","0","No","TWDB GWDB","1","Yes","1","Yes","1","Background","1","Surveillance","1","Dedicated Monitoring/Observation","https://www2.twdb.texas.gov/apps/waterdatainteractive//GetReports.aspx?Num=0528203&Type=GWDB"
"TWDB","0525601","Texas Water Development Board","0525601","35.5675","-100.882778","NAD83","Interpolated from Highway or large-scale maps or with only fair location sketches","+/- 5 Seconds","3202","1","Feet","NAVD88","Interpolated From Topo Map","Unknown","620","1","Feet","N100HGHPLN","High Plains aquifer","US","United States of America","48","Texas","179","Gray County","Ogallala Formation (121OGLL)","WELL","UNCONFINED","0","No","0","No","TWDB GWDB","1","Yes","1","Yes","1","Background","1","Surveillance","1","Dedicated Monitoring/Observation","https://www2.twdb.texas.gov/apps/waterdatainteractive//GetReports.aspx?Num=0525601&Type=GWDB"
"TWDB","0528401","Texas Water Development Board","0528401","35.573055","-100.597222","NAD83","Interpolated From Topo Map","+/- 1 Second","3027","1","Feet","NAVD88","Interpolated From Topo Map","Unknown","567","1","Feet","N100HGHPLN","High Plains aquifer","US","United States of America","48","Texas","179","Gray County","Ogallala Formation (121OGLL)","WELL","UNCONFINED","0","No","0","No","TWDB GWDB","1","Yes","1","Yes","1","Background","1","Surveillance","1","Dedicated Monitoring/Observation","https://www2.twdb.texas.gov/apps/waterdatainteractive//GetReports.aspx?Num=0528401&Type=GWDB"
"TWDB","0528501","Texas Water Development Board","0528501","35.560556","-100.578055","NAD83","Interpolated From Topo Map","+/- 1 Second","2975","1","Feet","NAVD88","Interpolated From Topo Map","Unknown","413","1","Feet","N100HGHPLN","High Plains aquifer","US","United States of America","48","Texas","179","Gray County","Ogallala Formation (121OGLL)","WELL","UNCONFINED","0","No","0","No","TWDB GWDB","1","Yes","1","Yes","1","Background","1","Surveillance","1","Dedicated Monitoring/Observation","https://www2.twdb.texas.gov/apps/waterdatainteractive//GetReports.aspx?Num=0528501&Type=GWDB"
"TWDB","0534204","Texas Water Development Board","0534204","35.4666667","-100.7955556","NAD83","Interpolated From Topo Map","+/- 1 Second","2995","1","Feet","NAVD88","Interpolated From Topo Map","Unknown","273","1","Feet","N100HGHPLN","High Plains aquifer","US","United States of America","48","Texas","179","Gray County","Ogallala Formation (121OGLL)","WELL","UNCONFINED","0","No","0","No","TWDB GWDB","1","Yes","1","Yes","1","Background","1","Surveillance","1","Dedicated Monitoring/Observation","https://www2.twdb.texas.gov/apps/waterdatainteractive//GetReports.aspx?Num=0534204&Type=GWDB"
"TWDB","0541101","Texas Water Development Board","0541101","35.371111","-100.964167","NAD83","Interpolated From Topo Map","+/- 1 Second","3268","1","Feet","NAVD88","Interpolated From Topo Map","Unknown","450","1","Feet","N100HGHPLN","High Plains aquifer","US","United States of America","48","Texas","179","Gray County","Ogallala Formation (121OGLL)","WELL","UNCONFINED","0","No","0","No","TWDB GWDB","1","Yes","1","Yes","1","Background","1","Surveillance","1","Dedicated Monitoring/Observation","https://www2.twdb.texas.gov/apps/waterdatainteractive//GetReports.aspx?Num=0541101&Type=GWDB"
"TWDB","0541403","Texas Water Development Board","0541403","35.299722","-100.979444","NAD83","Interpolated From Topo Map","+/- 1 Second","3242","1","Feet","NAVD88","Interpolated From Topo Map","Unknown","570","1","Feet","N100HGHPLN","High Plains aquifer","US","United States of America","48","Texas","179","Gray County","Ogallala Formation (121OGLL)","WELL","UNCONFINED","0","No","0","No","TWDB GWDB","1","Yes","1","Yes","1","Background","1","Surveillance","1","Dedicated Monitoring/Observation","https://www2.twdb.texas.gov/apps/waterdatainteractive//GetReports.aspx?Num=0541403&Type=GWDB"
"TWDB","0542202","Texas Water Development Board","0542202","35.355001","-100.807223","NAD83","Interpolated From Topo Map","+/- 1 Second","3085","1","Feet","NAVD88","Interpolated From Topo Map","Unknown","298","1","Feet","N100HGHPLN","High Plains aquifer","US","United States of America","48","Texas","179","Gray County","Ogallala Formation (121OGLL)","WELL","UNCONFINED","0","No","0","No","TWDB GWDB","1","Yes","1","Yes","1","Background","1","Surveillance","1","Dedicated Monitoring/Observation","https://www2.twdb.texas.gov/apps/waterdatainteractive//GetReports.aspx?Num=0542202&Type=GWDB"
"TWDB","0542301","Texas Water Development Board","0542301","35.349722","-100.766389","NAD83","Interpolated From Topo Map","+/- 1 Second","2947","1","Feet","NAVD88","Interpolated From Topo Map","Unknown","155","1","Feet","N100HGHPLN","High Plains aquifer","US","United States of America","48","Texas","179","Gray County","Ogallala Formation (121OGLL)","WELL","UNCONFINED","0","No","0","No","TWDB GWDB","1","Yes","1","Yes","1","Background","1","Surveillance","1","Dedicated Monitoring/Observation","https://www2.twdb.texas.gov/apps/waterdatainteractive//GetReports.aspx?Num=0542301&Type=GWDB"
"TWDB","0542401","Texas Water Development Board","0542401","35.3072222","-100.8569444","NAD83","Interpolated From Topo Map","+/- 1 Second","3056","1","Feet","NAVD88","Interpolated From Topo Map","Unknown","218","1","Feet","N100HGHPLN","High Plains aquifer","US","United States of America","48","Texas","179","Gray County","Ogallala Formation (121OGLL)","WELL","UNCONFINED","0","No","0","No","TWDB GWDB","1","Yes","1","Yes","1","Background","1","Surveillance","1","Dedicated Monitoring/Observation","https://www2.twdb.texas.gov/apps/waterdatainteractive//GetReports.aspx?Num=0542401&Type=GWDB"
"TWDB","0542801","Texas Water Development Board","0542801","35.279722","-100.831111","NAD83","Interpolated From Topo Map","+/- 1 Second","2903","1","Feet","NAVD88","Interpolated From Topo Map","Unknown","105","1","Feet","N100HGHPLN","High Plains aquifer","US","United States of America","48","Texas","179","Gray County","Ogallala Formation (121OGLL)","WELL","UNCONFINED","0","No","0","No","TWDB GWDB","1","Yes","1","Yes","1","Background","1","Surveillance","1","Dedicated Monitoring/Observation","https://www2.twdb.texas.gov/apps/waterdatainteractive//GetReports.aspx?Num=0542801&Type=GWDB"
"TWDB","0544102","Texas Water Development Board","0544102","35.359445","-100.618055","NAD83","Interpolated From Topo Map","+/- 1 Second","2760","1","Feet","NAVD88","Interpolated From Topo Map","Unknown","215","1","Feet","N100HGHPLN","High Plains aquifer","US","United States of America","48","Texas","179","Gray County","Ogallala Formation (121OGLL)","WELL","UNCONFINED","0","No","0","No","TWDB GWDB","1","Yes","1","Yes","1","Background","1","Surveillance","1","Dedicated Monitoring/Observation","https://www2.twdb.texas.gov/apps/waterdatainteractive//GetReports.aspx?Num=0544102&Type=GWDB"
"TWDB","0544610","Texas Water Development Board","0544610","35.298611","-100.539445","NAD83","Global Positioning System - GPS","+/- 0.5 Seconds - GPS","2831","1","Feet","NAVD88","Interpolated From Topo Map","Unknown","230","1","Feet","N100HGHPLN","High Plains aquifer","US","United States of America","48","Texas","179","Gray County","Ogallala Formation (121OGLL)","WELL","UNCONFINED","0","No","0","No","TWDB GWDB","1","Yes","1","Yes","1","Background","1","Surveillance","1","Dedicated Monitoring/Observation","https://www2.twdb.texas.gov/apps/waterdatainteractive//GetReports.aspx?Num=0544610&Type=GWDB"
"TWDB","0544703","Texas Water Development Board","0544703","35.267778","-100.587222","NAD83","Interpolated From Topo Map","+/- 1 Second","2848","1","Feet","NAVD88","Interpolated From Topo Map","Unknown","199","1","Feet","N100HGHPLN","High Plains aquifer","US","United States of America","48","Texas","179","Gray County","Ogallala Formation (121OGLL)","WELL","UNCONFINED","0","No","0","No","TWDB GWDB","1","Yes","1","Yes","1","Background","1","Surveillance","1","Dedicated Monitoring/Observation","https://www2.twdb.texas.gov/apps/waterdatainteractive//GetReports.aspx?Num=0544703&Type=GWDB"
"TWDB","0544714","Texas Water Development Board","0544714","35.261112","-100.610001","NAD83","Interpolated From Topo Map","+/- 1 Second","2839","1","Feet","NAVD88","Interpolated From Topo Map","Unknown","200","1","Feet","N100HGHPLN","High Plains aquifer","US","United States of America","48","Texas","179","Gray County","Ogallala Formation (121OGLL)","WELL","UNCONFINED","0","No","0","No","TWDB GWDB","1","Yes","1","Yes","1","Background","1","Surveillance","1","Dedicated Monitoring/Observation","https://www2.twdb.texas.gov/apps/waterdatainteractive//GetReports.aspx?Num=0544714&Type=GWDB"
"TWDB","0550402","Texas Water Development Board","0550402","35.1913889","-100.8508333","NAD83","Interpolated From Topo Map","+/- 1 Second","3167","1","Feet","NAVD88","Interpolated From Topo Map","Unknown","175","1","Feet","N100HGHPLN","High Plains aquifer","US","United States of America","48","Texas","179","Gray County","Ogallala Formation (121OGLL)","WELL","UNCONFINED","0","No","0","No","TWDB GWDB","1","Yes","1","Yes","1","Background","1","Surveillance","1","Dedicated Monitoring/Observation","https://www2.twdb.texas.gov/apps/waterdatainteractive//GetReports.aspx?Num=0550402&Type=GWDB"
"TWDB","0552401","Texas Water Development Board","TWDB:0552401","35.187222","-100.62","NAD83","Interpolated From Topo Map","+/- 1 Second","2796","1","Feet","NAVD88","Interpolated From Topo Map","Unknown","100","1","Feet","N100HGHPLN","High Plains aquifer","US","United States of America","48","Texas","179","Gray County","Ogallala Formation (121OGLL)","WELL","UNCONFINED","0","No","1","Yes","TWDB GWDB","1","Yes","1","Yes","1","Background","1","Surveillance","1","Dedicated Monitoring/Observation","https://www2.twdb.texas.gov/apps/waterdatainteractive//GetReports.aspx?Num=0552401&Type=GWDB"
"TWDB","0552603","Texas Water Development Board","TWDB:0552603","35.207778","-100.538889","NAD83","Interpolated From Topo Map","+/- 1 Second","2735","1","Feet","NAVD88","Interpolated From Topo Map","Unknown","86","1","Feet","N100HGHPLN","High Plains aquifer","US","United States of America","48","Texas","179","Gray County","Ogallala Formation (121OGLL)","WELL","UNCONFINED","0","No","0","No","TWDB GWDB","1","Yes","1","Yes","1","Background","1","Surveillance","1","Dedicated Monitoring/Observation","https://www2.twdb.texas.gov/apps/waterdatainteractive//GetReports.aspx?Num=0552603&Type=GWDB"
"TWDB","0551202","Texas Water Development Board","0551202","35.220833","-100.684167","NAD83","Interpolated From Topo Map","+/- 1 Second","2961","1","Feet","NAVD88","Interpolated From Topo Map","Unknown","268","1","Feet","N100HGHPLN","High Plains aquifer","US","United States of America","48","Texas","179","Gray County","Ogallala Formation (121OGLL)","WELL","UNCONFINED","0","No","0","No","TWDB GWDB","1","Yes","1","Yes","1","Background","1","Surveillance","1","Dedicated Monitoring/Observation","https://www2.twdb.texas.gov/apps/waterdatainteractive//GetReports.aspx?Num=0551202&Type=GWDB"
"TWDB","0551203","Texas Water Development Board","0551203","35.243889","-100.675833","NAD83","Interpolated From Topo Map","+/- 1 Second","2900","1","Feet","NAVD88","Interpolated From Topo Map","Unknown","182","1","Feet","N100HGHPLN","High Plains aquifer","US","United States of America","48","Texas","179","Gray County","Ogallala Formation (121OGLL)","WELL","UNCONFINED","0","No","0","No","TWDB GWDB","1","Yes","1","Yes","1","Background","1","Surveillance","1","Dedicated Monitoring/Observation","https://www2.twdb.texas.gov/apps/waterdatainteractive//GetReports.aspx?Num=0551203&Type=GWDB"
"TWDB","0551304","Texas Water Development Board","0551304","35.248056","-100.654167","NAD83","Interpolated From Topo Map","+/- 1 Second","2823","1","Feet","NAVD88","Interpolated From Topo Map","Unknown","88","1","Feet","N100HGHPLN","High Plains aquifer","US","United States of America","48","Texas","179","Gray County","Ogallala Formation (121OGLL)","WELL","UNCONFINED","0","No","0","No","TWDB GWDB","1","Yes","1","Yes","1","Background","1","Surveillance","1","Dedicated Monitoring/Observation","https://www2.twdb.texas.gov/apps/waterdatainteractive//GetReports.aspx?Num=0551304&Type=GWDB"
"TWDB","0640205","Texas Water Development Board","TWDB:0640205","35.472778","-101.065556","NAD83","Interpolated From Topo Map","+/- 1 Second","3297","1","Feet","NAVD88","Interpolated From Topo Map","Unknown","519","1","Feet","N100HGHPLN","High Plains aquifer","US","United States of America","48","Texas","179","Gray County","Ogallala Formation (121OGLL)","WELL","UNCONFINED","0","No","0","No","TWDB GWDB","1","Yes","1","Yes","1","Background","1","Surveillance","1","Dedicated Monitoring/Observation","https://www2.twdb.texas.gov/apps/waterdatainteractive//GetReports.aspx?Num=0640205&Type=GWDB"
"TWDB","0648205","Texas Water Development Board","TWDB:0648205","35.363334","-101.045556","NAD83","Interpolated From Topo Map","+/- 1 Second","3283","1","Feet","NAVD88","Interpolated From Topo Map","Unknown","470","1","Feet","N100HGHPLN","High Plains aquifer","US","United States of America","48","Texas","179","Gray County","Ogallala Formation (121OGLL)","WELL","UNCONFINED","0","No","0","No","TWDB GWDB","1","Yes","1","Yes","1","Background","1","Surveillance","1","Dedicated Monitoring/Observation","https://www2.twdb.texas.gov/apps/waterdatainteractive//GetReports.aspx?Num=0648205&Type=GWDB"
"TWDB","0525904","Texas Water Development Board","0525904","35.5338889","-100.8761111","NAD83","Interpolated From Topo Map","+/- 1 Second","3200","1","Feet","NAVD88","Interpolated From Topo Map","Unknown","440","1","Feet","N100HGHPLN","High Plains aquifer","US","United States of America","48","Texas","179","Gray County","Ogallala Formation (121OGLL)","WELL","UNCONFINED","0","No","0","No","TWDB GWDB","1","Yes","1","Yes","1","Background","1","Surveillance","1","Dedicated Monitoring/Observation","https://www2.twdb.texas.gov/apps/waterdatainteractive//GetReports.aspx?Num=0525904&Type=GWDB"
"TWDB","0527602","Texas Water Development Board","0527602","35.559167","-100.628611","NAD83","Interpolated From Topo Map","+/- 1 Second","3040","1","Feet","NAVD88","Interpolated From Topo Map","Unknown","521","1","Feet","N100HGHPLN","High Plains aquifer","US","United States of America","48","Texas","179","Gray County","Ogallala Formation (121OGLL)","WELL","UNCONFINED","0","No","0","No","TWDB GWDB","1","Yes","1","Yes","1","Background","1","Surveillance","1","Dedicated Monitoring/Observation","https://www2.twdb.texas.gov/apps/waterdatainteractive//GetReports.aspx?Num=0527602&Type=GWDB"
"TWDB","0534101","Texas Water Development Board","0534101","35.4847222","-100.8430556","NAD83","Interpolated From Topo Map","+/- 1 Second","2970","1","Feet","NAVD88","Interpolated From Topo Map","Unknown","257","1","Feet","N100HGHPLN","High Plains aquifer","US","United States of America","48","Texas","179","Gray County","Ogallala Formation (121OGLL)","WELL","UNCONFINED","0","No","0","No","TWDB GWDB","1","Yes","1","Yes","1","Background","1","Surveillance","1","Dedicated Monitoring/Observation","https://www2.twdb.texas.gov/apps/waterdatainteractive//GetReports.aspx?Num=0534101&Type=GWDB"
"TWDB","0534606","Texas Water Development Board","0534606","35.4547222","-100.765","NAD83","Interpolated From Topo Map","+/- 1 Second","2850","1","Feet","NAVD88","Interpolated From Topo Map","Unknown","871","1","Feet","N100HGHPLN","High Plains aquifer","US","United States of America","48","Texas","179","Gray County","Ogallala Formation (121OGLL)","WELL","UNCONFINED","0","No","0","No","TWDB GWDB","1","Yes","1","Yes","1","Background","1","Surveillance","1","Dedicated Monitoring/Observation","https://www2.twdb.texas.gov/apps/waterdatainteractive//GetReports.aspx?Num=0534606&Type=GWDB"
"TWDB","0534703","Texas Water Development Board","0534703","35.3836111","-100.8402778","NAD83","Interpolated From Topo Map","+/- 1 Second","2925","1","Feet","NAVD88","Interpolated From Topo Map","Unknown","257","1","Feet","N100HGHPLN","High Plains aquifer","US","United States of America","48","Texas","179","Gray County","Ogallala Formation (121OGLL)","WELL","UNCONFINED","0","No","0","No","TWDB GWDB","1","Yes","1","Yes","1","Background","1","Surveillance","1","Dedicated Monitoring/Observation","https://www2.twdb.texas.gov/apps/waterdatainteractive//GetReports.aspx?Num=0534703&Type=GWDB"
"TWDB","0535302","Texas Water Development Board","0535302","35.4733333","-100.6563889","NAD83","Interpolated From Topo Map","+/- 1 Second","2724","1","Feet","NAVD88","Interpolated From Topo Map","Unknown","112","1","Feet","N100HGHPLN","High Plains aquifer","US","United States of America","48","Texas","179","Gray County","Ogallala Formation (121OGLL)","WELL","UNCONFINED","0","No","0","No","TWDB GWDB","1","Yes","1","Yes","1","Background","1","Surveillance","1","Dedicated Monitoring/Observation","https://www2.twdb.texas.gov/apps/waterdatainteractive//GetReports.aspx?Num=0535302&Type=GWDB"
"TWDB","0535603","Texas Water Development Board","0535603","35.4225","-100.660001","NAD83","Interpolated From Topo Map","+/- 1 Second","2727","1","Feet","NAVD88","Interpolated From Topo Map","Unknown","88","1","Feet","N100HGHPLN","High Plains aquifer","US","United States of America","48","Texas","179","Gray County","Ogallala Formation (121OGLL)","WELL","UNCONFINED","0","No","0","No","TWDB GWDB","1","Yes","1","Yes","1","Background","1","Surveillance","1","Dedicated Monitoring/Observation","https://www2.twdb.texas.gov/apps/waterdatainteractive//GetReports.aspx?Num=0535603&Type=GWDB"
"TWDB","0535802","Texas Water Development Board","0535802","35.3808333","-100.6913889","NAD83","Interpolated From Topo Map","+/- 1 Second","2839","1","Feet","NAVD88","Interpolated From Topo Map","Unknown","141","1","Feet","N100HGHPLN","High Plains aquifer","US","United States of America","48","Texas","179","Gray County","Ogallala Formation (121OGLL)","WELL","UNCONFINED","0","No","0","No","TWDB GWDB","1","Yes","1","Yes","1","Background","1","Surveillance","1","Dedicated Monitoring/Observation","https://www2.twdb.texas.gov/apps/waterdatainteractive//GetReports.aspx?Num=0535802&Type=GWDB"
"TWDB","0536102","Texas Water Development Board","0536102","35.4736111","-100.5952778","NAD83","Interpolated From Topo Map","+/- 1 Second","2860","1","Feet","NAVD88","Interpolated From Topo Map","Unknown","175","1","Feet","N100HGHPLN","High Plains aquifer","US","United States of America","48","Texas","179","Gray County","Ogallala Formation (121OGLL)","WELL","UNCONFINED","0","No","0","No","TWDB GWDB","1","Yes","1","Yes","1","Background","1","Surveillance","1","Dedicated Monitoring/Observation","https://www2.twdb.texas.gov/apps/waterdatainteractive//GetReports.aspx?Num=0536102&Type=GWDB"
"TWDB","0550202","Texas Water Development Board","0550202","35.2494444","-100.8025","NAD83","Interpolated From Topo Map","+/- 1 Second","2820","1","Feet","NAVD88","Interpolated From Topo Map","Unknown","200","1","Feet","N100HGHPLN","High Plains aquifer","US","United States of America","48","Texas","179","Gray County","Ogallala Formation (121OGLL)","WELL","UNCONFINED","0","No","0","No","TWDB GWDB","1","Yes","0","No","1","Background","1","Surveillance","1","Dedicated Monitoring/Observation","https://www2.twdb.texas.gov/apps/waterdatainteractive//GetReports.aspx?Num=0550202&Type=GWDB"
"TWDB","0550204","Texas Water Development Board","0550204","35.231389","-100.805001","NAD83","Interpolated From Topo Map","+/- 1 Second","2860","1","Feet","NAVD88","Interpolated From Topo Map","Unknown","100","1","Feet","N100HGHPLN","High Plains aquifer","US","United States of America","48","Texas","179","Gray County","Ogallala Formation (121OGLL)","WELL","UNCONFINED","0","No","1","Yes","TWDB GWDB","1","Yes","1","Yes","1","Background","1","Surveillance","1","Dedicated Monitoring/Observation","https://www2.twdb.texas.gov/apps/waterdatainteractive//GetReports.aspx?Num=0550204&Type=GWDB"
"TWDB","0551303","Texas Water Development Board","0551303","35.2413889","-100.6269444","NAD83","Interpolated From Topo Map","+/- 1 Second","2858","1","Feet","NAVD88","Interpolated From Topo Map","Unknown","124","1","Feet","N100HGHPLN","High Plains aquifer","US","United States of America","48","Texas","179","Gray County","Ogallala Formation (121OGLL)","WELL","UNCONFINED","0","No","0","No","TWDB GWDB","1","Yes","1","Yes","1","Background","1","Surveillance","1","Dedicated Monitoring/Observation","https://www2.twdb.texas.gov/apps/waterdatainteractive//GetReports.aspx?Num=0551303&Type=GWDB"
"TWDB","0632606","Texas Water Development Board","TWDB:0632606","35.574722","-101.032778","NAD83","Interpolated From Topo Map","+/- 1 Second","3261","1","Feet","NAVD88","Interpolated From Topo Map","Unknown","637","1","Feet","N100HGHPLN","High Plains aquifer","US","United States of America","48","Texas","179","Gray County","Ogallala Formation (121OGLL)","WELL","UNCONFINED","0","No","0","No","TWDB GWDB","1","Yes","1","Yes","1","Background","1","Surveillance","1","Dedicated Monitoring/Observation","https://www2.twdb.texas.gov/apps/waterdatainteractive//GetReports.aspx?Num=0632606&Type=GWDB"
"TWDB","0536705","Texas Water Development Board","Pond Creek Quad","35.395834","-100.617222","NAD83","GPS","+/- 1 Second","2560","1","Feet","NAVD88","Interpolated From Topo Map","Unknown","67","1","Feet","N100HGHPLN","High Plains aquifer","US","United States of America","48","Texas","179","Gray County","Ogallala Formation","WELL","UNCONFINED","0","No","0","No","TWDB GWDB","1","Yes","1","Yes","3","Known Changes","1","Surveillance","1","Dedicated Monitoring/Observation","http://www2.twdb.texas.gov/apps/waterdatainteractive//GetReports.aspx?Num=0536705&Type=GWDB"
"TWDB","0525502","Texas Water Development Board","0525502","35.576944","-100.954167","NAD83","Interpolated From Topo Map","+/- 1 Second","3212","1","Feet","NAVD88","Interpolated From Topo Map","Unknown","630","1","Feet","N100HGHPLN","High Plains aquifer","US","United States of America","48","Texas","179","Gray County","Ogallala Formation (121OGLL)","WELL","UNCONFINED","0","No","0","No","TWDB GWDB","1","Yes","1","Yes","1","Background","1","Surveillance","1","Dedicated Monitoring/Observation","https://www2.twdb.texas.gov/apps/waterdatainteractive//GetReports.aspx?Num=0525502&Type=GWDB"
"TWDB","0542201","Texas Water Development Board","Darsey Ranch","35.371389","-100.811945","NAD83","GPS","+/- 1 Second","2967","1","Feet","NAVD88","Interpolated From Topo Map","Unknown","151","1","Feet","N100HGHPLN","High Plains aquifer","US","United States of America","48","Texas","179","Gray County","Ogallala Formation","WELL","UNCONFINED","0","No","0","No","TWDB GWDB","1","Yes","1","Yes","3","Known Changes","1","Surveillance","1","Dedicated Monitoring/Observation","http://www2.twdb.texas.gov/apps/waterdatainteractive//GetReports.aspx?Num=0542201&Type=GWDB"
"TWDB","0544705","Texas Water Development Board","0544705","35.284167","-100.621389","NAD83","Interpolated From Topo Map","+/- 1 Second","2719","1","Feet","NAVD88","Digital Elevation Model -DEM","3m","150","1","Feet","N100HGHPLN","High Plains aquifer","US","United States of America","48","Texas","179","Gray County","Ogallala Formation (121OGLL)","WELL","UNCONFINED","0","No","0","No","TWDB GWDB","1","Yes","1","Yes","1","Background","1","Surveillance","1","Dedicated Monitoring/Observation","https://www2.twdb.texas.gov/apps/waterdatainteractive//GetReports.aspx?Num=0544705&Type=GWDB"
"TWDB","0552111","Texas Water Development Board","McLean Quad (NW)","35.221111","-100.614167","NAD83","GPS","+/- 1 Second","2861","1","Feet","NAVD88","Interpolated From Topo Map","Unknown","193","1","Feet","N100HGHPLN","High Plains aquifer","US","United States of America","48","Texas","179","Gray County","Ogallala Formation","WELL","UNCONFINED","0","No","0","No","TWDB GWDB","1","Yes","1","Yes","3","Known Changes","1","Surveillance","1","Dedicated Monitoring/Observation","http://www2.twdb.texas.gov/apps/waterdatainteractive//GetReports.aspx?Num=0552111&Type=GWDB"
"TWDB","0632803","Texas Water Development Board","Lake McConnell Quad","35.502778","-101.055556","NAD83","GPS","+/- 1 Second","3292","1","Feet","NAVD88","Interpolated From Topo Map","Unknown","504","1","Feet","N100HGHPLN","High Plains aquifer","US","United States of America","48","Texas","179","Gray County","Ogallala Formation","WELL","UNCONFINED","0","No","0","No","TWDB GWDB","1","Yes","1","Yes","3","Known Changes","1","Surveillance","1","Dedicated Monitoring/Observation","http://www2.twdb.texas.gov/apps/waterdatainteractive//GetReports.aspx?Num=0632803&Type=GWDB"
"TWDB","0640501","Texas Water Development Board","Kingsmill Quad","35.440834","-101.059723","NAD83","GPS","+/- 1 Second","3294","1","Feet","NAVD88","Interpolated From Topo Map","Unknown","522","1","Feet","N100HGHPLN","High Plains aquifer","US","United States of America","48","Texas","179","Gray County","Ogallala Formation","WELL","UNCONFINED","0","No","0","No","TWDB GWDB","1","Yes","1","Yes","3","Known Changes","1","Surveillance","1","Dedicated Monitoring/Observation","http://www2.twdb.texas.gov/apps/waterdatainteractive//GetReports.aspx?Num=0640501&Type=GWDB"
"TWDB","0648253","Texas Water Development Board","Grandview School Quad","35.336667","-101.046667","NAD83","GPS","+/- 1 Second","3293","1","Feet","NAVD88","Interpolated From Topo Map","Unknown","557","1","Feet","N100HGHPLN","High Plains aquifer","US","United States of America","48","Texas","179","Gray County","Ogallala Formation","WELL","UNCONFINED","0","No","0","No","TWDB GWDB","1","Yes","1","Yes","3","Known Changes","1","Surveillance","1","Dedicated Monitoring/Observation","http://www2.twdb.texas.gov/apps/waterdatainteractive//GetReports.aspx?Num=0648253&Type=GWDB"
"TWDB","0526802","Texas Water Development Board","0526802","35.530278","-100.831389","NAD83","Interpolated From Topo Map","+/- 1 Second","3165","1","Feet","NAVD88","Interpolated From Topo Map","Unknown","","1","Feet","N100HGHPLN","High Plains aquifer","US","United States of America","48","Texas","179","Gray County","Ogallala Formation","WELL","UNCONFINED","0","No","0","No","TWDB GWDB","1","Yes","1","Yes","1","Background","1","Surveillance","2","Other","https://www3.twdb.texas.gov/apps/waterdatainteractive//GetReports.aspx?Num=0526802&Type=GWDB"
"TWDB","0535403","Texas Water Development Board","0535403","35.4522222","-100.7205556","NAD83","Interpolated From Topo Map","+/- 1 Second","2872","1","Feet","NAVD88","Interpolated From Topo Map","Unknown","217","1","Feet","N100HGHPLN","High Plains aquifer","US","United States of America","48","Texas","179","Gray County","Ogallala Formation (121OGLL)","WELL","UNCONFINED","0","No","0","No","TWDB GWDB","1","Yes","1","Yes","1","Background","1","Surveillance","1","Dedicated Monitoring/Observation","https://www2.twdb.texas.gov/apps/waterdatainteractive//GetReports.aspx?Num=0535403&Type=GWDB"
"TWDB","0551103","Texas Water Development Board","0551103","35.238889","-100.7175","NAD83","Interpolated From Topo Map","+/- 1 Second","2902","1","Feet","NAVD88","Interpolated From Topo Map","Unknown","220","1","Feet","N100HGHPLN","High Plains aquifer","US","United States of America","48","Texas","179","Gray County","Ogallala Formation (121OGLL)","WELL","UNCONFINED","0","No","0","No","TWDB GWDB","1","Yes","1","Yes","1","Background","1","Surveillance","1","Dedicated Monitoring/Observation","https://www2.twdb.texas.gov/apps/waterdatainteractive//GetReports.aspx?Num=0551103&Type=GWDB"
"TWDB","0552452","Texas Water Development Board","0552452","35.2080556","-100.5930556","NAD83","Global Positioning System - GPS","+/- 0.5 Seconds - GPS","2851","1","Feet","NAVD88","Interpolated From Topo Map","Unknown","143","1","Feet","N100HGHPLN","High Plains aquifer","US","United States of America","48","Texas","179","Gray County","Ogallala Formation (Ogallala)","WELL","UNCONFINED","0","No","0","No","TWDB GWDB","1","Yes","1","Yes","1","Background","1","Surveillance","1","Dedicated Monitoring/Observation","https://www3.twdb.texas.gov/apps/waterdatainteractive//GetReports.aspx?Num=0552452&Type=GWDB"
"TWDB","0533401","Texas Water Development Board","Bowers City Quad","35.449167","-100.969722","NAD83","GPS","+/- 1 Second","3225","1","Feet","NAVD88","Interpolated From Topo Map","Unknown","524","1","Feet","N100HGHPLN","High Plains aquifer","US","United States of America","48","Texas","179","Gray County","Ogallala Formation","WELL","UNCONFINED","0","No","0","No","TWDB GWDB","1","Yes","1","Yes","3","Known Changes","1","Surveillance","1","Dedicated Monitoring/Observation","http://www2.twdb.texas.gov/apps/waterdatainteractive//GetReports.aspx?Num=0533401&Type=GWDB"
"TWDB","0656306","Texas Water Development Board","Groom Quad","35.230555","-101.027778","NAD83","GPS","+/- 1 Second","3255","1","Feet","NAVD88","Interpolated From Topo Map","Unknown","392","1","Feet","N100HGHPLN","High Plains aquifer","US","United States of America","48","Texas","179","Gray County","Ogallala Formation","WELL","UNCONFINED","0","No","0","No","TWDB GWDB","1","Yes","1","Yes","3","Known Changes","1","Surveillance","1","Dedicated Monitoring/Observation","http://www2.twdb.texas.gov/apps/waterdatainteractive//GetReports.aspx?Num=0656306&Type=GWDB"
"TWDB","0541710","Texas Water Development Board","0541710","35.2549639","-100.9645917","NAD83","Global Positioning System - GPS","+/- 0.5 Seconds - GPS","3229","1","Feet","NAVD88","Global Positioning System-GPS","10M","","1","Feet","N100HGHPLN","High Plains aquifer","US","United States of America","48","Texas","179","Gray County","Ogallala Formation","WELL","UNCONFINED","0","No","0","No","TWDB GWDB","1","Yes","0","No","1","Background","1","Surveillance","2","Other","https://www3.twdb.texas.gov/apps/waterdatainteractive//GetReports.aspx?Num=0541710&Type=GWDB"
"TWDB","0551101","Texas Water Development Board","Alanreed School","35.213056","-100.729444","NAD83","GPS","+/- 0.5 Seconds","3002","1","Feet","NAVD88","Interpolated From Topo Map","Unknown","310","1","Feet","N100HGHPLN","High Plains aquifer","US","United States of America","48","Texas","179","Gray County","Ogallala Formation","WELL","UNCONFINED","0","No","0","No","TWDB GWDB","1","Yes","1","Yes","3","Known Changes","1","Surveillance","1","Dedicated Monitoring/Observation","http://www2.twdb.texas.gov/apps/waterdatainteractive//GetReports.aspx?Num=0551101&Type=GWDB"
"TWDB","0527703","Texas Water Development Board","0527703","35.526944","-100.747778","NAD83","Interpolated From Topo Map","+/- 1 Second","3124","1","Feet","NAVD88","Interpolated From Topo Map","Unknown","562","1","Feet","N100HGHPLN","High Plains aquifer","US","United States of America","48","Texas","179","Gray County","Ogallala Formation (121OGLL)","WELL","UNCONFINED","0","No","0","No","TWDB GWDB","1","Yes","1","Yes","1","Background","1","Surveillance","1","Dedicated Monitoring/Observation","https://www2.twdb.texas.gov/apps/waterdatainteractive//GetReports.aspx?Num=0527703&Type=GWDB"
"TWDB","0543703","Texas Water Development Board","0543703","35.288611","-100.745556","NAD83","Global Positioning System - GPS","+/- 0.5 Seconds - GPS","2735","1","Feet","NAVD88","Interpolated From Topo Map","Unknown","152","1","Feet","N100HGHPLN","High Plains aquifer","US","United States of America","48","Texas","179","Gray County","Ogallala Formation (121OGLL)","WELL","UNCONFINED","0","No","0","No","TWDB GWDB","1","Yes","1","Yes","1","Background","1","Surveillance","1","Dedicated Monitoring/Observation","https://www2.twdb.texas.gov/apps/waterdatainteractive//GetReports.aspx?Num=0543703&Type=GWDB"
"TWDB","0543705","Texas Water Development Board","0543705","35.266112","-100.7275","NAD83","Interpolated From Topo Map","+/- 1 Second","2830","1","Feet","NAVD88","Interpolated From Topo Map","Unknown","122","1","Feet","N100HGHPLN","High Plains aquifer","US","United States of America","48","Texas","179","Gray County","Ogallala Formation (121OGLL)","WELL","UNCONFINED","0","No","0","No","TWDB GWDB","1","Yes","1","Yes","1","Background","1","Surveillance","1","Dedicated Monitoring/Observation","https://www2.twdb.texas.gov/apps/waterdatainteractive//GetReports.aspx?Num=0543705&Type=GWDB"
"TWDB","0526853","Texas Water Development Board","0526853","35.54","-100.7925","NAD83","Global Positioning System - GPS","+/- 0.5 Seconds - GPS","3155","1","Feet","NAVD88","Interpolated From Topo Map","Unknown","400","1","Feet","N100HGHPLN","High Plains aquifer","US","United States of America","48","Texas","179","Gray County","Ogallala Formation (121OGLL)","WELL","UNCONFINED","0","No","0","No","TWDB GWDB","1","Yes","1","Yes","1","Background","1","Surveillance","1","Dedicated Monitoring/Observation","https://www2.twdb.texas.gov/apps/waterdatainteractive//GetReports.aspx?Num=0526853&Type=GWDB"
"TWDB","0527901","Texas Water Development Board","0527901","35.54","-100.641389","NAD83","Global Positioning System - GPS","+/- 0.5 Seconds - GPS","3061","1","Feet","NAVD88","Interpolated From Topo Map","Unknown","550","1","Feet","N100HGHPLN","High Plains aquifer","US","United States of America","48","Texas","179","Gray County","Ogallala Formation (121OGLL)","WELL","UNCONFINED","0","No","0","No","TWDB GWDB","1","Yes","1","Yes","1","Background","1","Surveillance","1","Dedicated Monitoring/Observation","https://www2.twdb.texas.gov/apps/waterdatainteractive//GetReports.aspx?Num=0527901&Type=GWDB"
"TWDB","0527102","Texas Water Development Board","0527102","35.5883333","-100.7219444","NAD83","Interpolated From Topo Map","+/- 1 Second","3108","1","Feet","NAVD88","Interpolated From Topo Map","Unknown","550","1","Feet","N100HGHPLN","High Plains aquifer","US","United States of America","48","Texas","179","Gray County","Ogallala Formation (121OGLL)","WELL","UNCONFINED","0","No","0","No","TWDB GWDB","1","Yes","1","Yes","1","Background","1","Surveillance","1","Dedicated Monitoring/Observation","https://www2.twdb.texas.gov/apps/waterdatainteractive//GetReports.aspx?Num=0527102&Type=GWDB"
"TWDB","0527501","Texas Water Development Board","0527501","35.571667","-100.675555","NAD83","Global Positioning System - GPS","+/- 0.5 Seconds - GPS","3081","1","Feet","NAVD88","Interpolated From Topo Map","Unknown","566","1","Feet","N100HGHPLN","High Plains aquifer","US","United States of America","48","Texas","179","Gray County","Ogallala Formation (121OGLL)","WELL","UNCONFINED","0","No","0","No","TWDB GWDB","1","Yes","1","Yes","1","Background","1","Surveillance","1","Dedicated Monitoring/Observation","https://www2.twdb.texas.gov/apps/waterdatainteractive//GetReports.aspx?Num=0527501&Type=GWDB"
"TWDB","0536201","Texas Water Development Board","0536201","35.46","-100.5472222","NAD83","Interpolated From Topo Map","+/- 1 Second","2809","1","Feet","NAVD88","Interpolated From Topo Map","Unknown","216","1","Feet","N100HGHPLN","High Plains aquifer","US","United States of America","48","Texas","179","Gray County","Ogallala Formation (121OGLL)","WELL","UNCONFINED","0","No","0","No","TWDB GWDB","1","Yes","1","Yes","1","Background","1","Surveillance","1","Dedicated Monitoring/Observation","https://www2.twdb.texas.gov/apps/waterdatainteractive//GetReports.aspx?Num=0536201&Type=GWDB"
"TWDB","0544801","Texas Water Development Board","0544801","35.270555","-100.551945","NAD83","Interpolated From Topo Map","+/- 1 Second","2803","1","Feet","NAVD88","Interpolated From Topo Map","Unknown","162","1","Feet","N100HGHPLN","High Plains aquifer","US","United States of America","48","Texas","179","Gray County","Ogallala Formation (121OGLL)","WELL","UNCONFINED","0","No","0","No","TWDB GWDB","1","Yes","1","Yes","1","Background","1","Surveillance","1","Dedicated Monitoring/Observation","https://www2.twdb.texas.gov/apps/waterdatainteractive//GetReports.aspx?Num=0544801&Type=GWDB"
"TWDB","0552308","Texas Water Development Board","TWDB:0552308","35.239445","-100.541389","NAD83","Interpolated From Topo Map","+/- 1 Second","2821","1","Feet","NAVD88","Interpolated From Topo Map","Unknown","133","1","Feet","N100HGHPLN","High Plains aquifer","US","United States of America","48","Texas","179","Gray County","Ogallala Formation (121OGLL)","WELL","UNCONFINED","0","No","0","No","TWDB GWDB","1","Yes","1","Yes","1","Background","1","Surveillance","1","Dedicated Monitoring/Observation","https://www2.twdb.texas.gov/apps/waterdatainteractive//GetReports.aspx?Num=0552308&Type=GWDB"
"TWDB","0640306","Texas Water Development Board","TWDB:0640306","35.4725","-101.014445","NAD83","Interpolated From Topo Map","+/- 1 Second","3261","1","Feet","NAVD88","Interpolated From Topo Map","Unknown","500","1","Feet","N100HGHPLN","High Plains aquifer","US","United States of America","48","Texas","179","Gray County","Ogallala Formation (121OGLL)","WELL","UNCONFINED","0","No","0","No","TWDB GWDB","1","Yes","1","Yes","1","Background","1","Surveillance","1","Dedicated Monitoring/Observation","https://www2.twdb.texas.gov/apps/waterdatainteractive//GetReports.aspx?Num=0640306&Type=GWDB"
"TWDB","0640802","Texas Water Development Board","TWDB:0640802","35.399445","-101.057501","NAD83","Interpolated From Topo Map","+/- 1 Second","3295","1","Feet","NAVD88","Interpolated From Topo Map","Unknown","540","1","Feet","N100HGHPLN","High Plains aquifer","US","United States of America","48","Texas","179","Gray County","Ogallala Formation (121OGLL)","WELL","UNCONFINED","0","No","0","No","TWDB GWDB","1","Yes","1","Yes","1","Background","1","Surveillance","1","Dedicated Monitoring/Observation","https://www2.twdb.texas.gov/apps/waterdatainteractive//GetReports.aspx?Num=0640802&Type=GWDB"
